,ID,Seq,true_labels,clantox_pred,toxclassifier_pred
0,sp|C0HLB8|PA2_MICLE,NRNNRDWWHFADYGCYCGYGGSGTPVDELDRC,1,1,1
1,sp|A0A1P8NVR5|COW1_CONAO,MGKLTILVLVAAILLSTQVMVQGDRDQPADRNAVPRDVNPGRARRKLMKVLRESECPWKPWCG,1,1,1
2,sp|F5C3T9|COW_CONVR,MGKLTILVLVAAVLLSTQVMVQGDGDQPADRNAVRRDDNPGGLSGKFMNVLRRSGCPWHPWCG,1,1,1
3,sp|A0A1P8NVU0|COW2_CONBL,MGKLTILVLVAAVLLSTQAMVQDQPADRNAVRRNDNPGGASRKSINVLHRNECPWQPWCG,1,1,1
4,sp|A0A1P8NVR4|COW2_CONLI,MEKLTMLVLVAAVLLSAQVMVQGDGDQPADRDAVPRDDNPGGTIGKFMYILHGCPFQPWCG,1,1,1
5,sp|P0DPQ1|COW4_CONAO,ESECPWHPWC,1,1,1
6,sp|X5IFY8|COW_CONGE,MGKLTILVLVAAVLLSTQAMVQGDGDQPAARNAVPRDDNPDGPSAKFMNVQRRSGCPWEPWCG,1,0,1
7,sp|A0A0K8TU78|COW_CONLV,ILLLVAAVLLSTQVMVQGDGDQPAYRNAVPRDDNTGGASRKFLNVPRESECPWRPWCG,1,0,1
8,sp|A0A1P8NVU1|COW_CONMO,QGDRDQPADRNAVPRDVNPGRARRKLMKVLRESECPWKPWCG,1,0,1
9,sp|P0DPQ2|COW2_CONFG,GCPWDSWC,1,1,1
10,sp|P0DPQ0|COW3_CONAO,QNECPWKPWC,1,1,1
11,sp|A0A1P8NVS9|COW_CONEA,MGKLTILVLVAAVLLSTQVMVQGDADQPADRDAVPRDDNPGGTSGKLMNVLIRSGCPWHPWCG,1,1,1
12,sp|A0A1P8NVT3|COW_CONFG,MGKLTILVLVAAVLLSTQVMVQGDRDQPADRDAVPRDDKPGGTSGKFMNVLRRSGCPWDPWCG,1,1,1
13,sp|A0A1P8NVS3|COW_CONMI,MGKLTILVLVAAVLLSTQVMVQGDRDQPADRDAVPRDDKPGGTSGKFMNVLRRSGCPWDPWCG,1,1,1
14,sp|A0A1P8NVS2|COW1_CONLI,MEKLTMLVLVAAVLLSAQVMVQGDGDQPADRDAVPRDDNPGGTIGKIMNVLLPSGCPWNPWCG,1,0,1
15,sp|A0A1P8NVS8|COW2_CONLT,MGKLTILVIVAAALLSTQFMVQGDGDQPADRDAVPSDDNPGGTSEKFMNVQHGSGCPWYPWCG,1,1,1
16,sp|W4VSA0|COW2_CONVC,MGKLTILFLVAAALLSTQVMVQGDGDQPADRDAVPRDDNPAGTIEKFMNLLRQVRCRWTPVCG,1,0,1
17,sp|S4UKA9|I1B3_CONTE,MKLCVTFLLVLVILPSVTGVKSSERTLSGAALRGDRGTCSGRGQECKHDSDCCGHLCCAGITCQFTYIPCK,1,1,0
18,sp|P0DPM4|I166_CONTE,MKLTCVMIVAVLFLTAWTLVMADDSNNGLANLFSKLRDEMEDPEGSKLEKKDCQEKWDYCPVPFLGSRYCCDGFICPSFFCA,1,1,1
19,sp|P0DPL0|M316_CONTE,CCGPTACVAGCKPCC,1,1,1
20,sp|P0DPL1|M32_CONSE,CCIARQICEGCICCI,1,1,0
21,sp|P0DPL2|M3I_CONTE,CCGPTACIAGCKPCC,1,1,1
22,sp|P0DPL3|M3J_CONTE,CCDDSECSTSCWPCCY,1,1,1
23,sp|P0DPK8|M313_CONTE,GCCGVPSCMAGCRPCC,1,1,1
24,sp|P0DPK9|M314_CONTE,GCCHIIACRMGCSPCCW,1,1,1
25,sp|P0DPM3|CU65_CONTE,NCPYCVVYCCPPAYCQASGCRPP,1,1,1
26,sp|P0DPL5|CT5G_CONTE,QTCCGSKVFCC,1,1,1
27,sp|P0DPM0|CA12_CONSE,MFTVFLLVVLATTVVSFPSDRESDGANDEARTDEPEEHGPDRNGCCRNPACESHRCG,1,1,1
28,sp|P0DPL9|CA1Z_CONTE,MFTVFLLVVLATTVVSFTSGRSTFRGRNAAAKASGLVSLTDRRPQCCSHPACNVDHPEICR,1,0,1
29,sp|A0A068B0Z6|CA13B_CONLT,FDGRNAAPSDKASDLISLAVRGCCSHPACSGNNPYFCGGKR,1,1,1
30,sp|P0DPL8|CA1CB_CONTE,MHCLPIFVILLLLTASGPSVDAQLKTKDDVPLSSFRDHAKSTLRRLQDKQTCCGYRMCVPCG,1,1,1
31,sp|P0DPM2|CA14_CONSE,IMYDCCSGSCSGYTGRC,1,1,1
32,sp|P0DPM1|CA13_CONSE,MFTVFLLVVLATTVVSSPSDRASDGRNAAANEKASDVIALALKGCCSNPVCHLEHSNMCGRRR,1,0,1
33,sp|P0DM21|CA1A_CONTE,MFTVFLLVVLATAVVSFTSDRASDDGKAAASDLITLTIKGCCSRPPCIANNPDLCG,1,0,1
34,sp|P0DPL7|CT5E_CONTE,NIQIICCKHTPKCCT,1,1,1
35,sp|P0DPL4|CT5F_CONTE,CCPPVIWCC,1,1,1
36,sp|P0DPL6|CT5H_CONTE,NCCPIDEESCCS,1,1,1
37,sp|P0DPK7|CX5E_CONTE,PCCSKLHDNSCCGL,1,1,1
38,sp|P0DM16|EM1_CONMR,MMTRVFFAMFFLMALTEGWPRLYDSDCVRGRNMHITCFKDQTCGLTVKRNGRLNCSLTCSCRRGESCLHGEYIDWDSRGLKVHICPKPWF,1,1,0
39,sp|W4VS70|EM1_CONVC,MMTRVFLAMFFLLVLTKGWPRLYDGDCTRGPNMHITCFKDQSCGLIVKRNGRLSCTLNCKCRRNESCLPSEEVDWDNRNMKIVICPKPWF,1,1,0
40,sp|P0DM18|NF1_CONMR,MSTLKMMLLILLLLLPLATFDSDGQAIPGGGIPSAVNSRVGRLLGGDEKSGRSLEKRCSSGKTCGSVEPVLCCARSDCYCRLIQTRSYWVPICVCP,1,1,0
41,sp|P0DM19|NF2_CONMR,MSTLKMMLLILLLLLPMATFDSDGQAIPGGGIPSAVNSRVGGDEKSGRSLEKRCRSGKTCPRVGPDVCCERSDCFCKLVPARPFWRYRCICL,1,1,0
42,sp|P0DM20|NF3_CONMR,MSTLKMMLLILLLLLPMATFDSDGQAIPGGGIPSAVNSRVRGDEKSGRSLEKRCRSGKTCPRVGPDECCERSDCFCKMVPARPYWRNKCICL,1,1,0
43,sp|P0DM17|FX1_CONMR,MQRGAVLLGVVALLVLWPQAGAELYDVNDPDVRAMVIDGQKLMHDCAIANDYIDDPWWTLNLGAFEEKRVYHSMLSELVFCLNAFLQRRQQAP,1,0,0
44,sp|W4VSM1|FX1_CONVC,MQRGAVLLGVVAFLALWPQAGAEPYNLNDPDVRAMINDGRKLMDTCAKANHYIADRWSTYRIEYLEDKGLYHRMLRELVPCLNNFLRTRQEAP,1,0,0
45,sp|A0A2I6EDM1|CM39_CONRE,LLFPLSALPLDGDQPADQPAERMQDISPEQNFWFDLVERGCCTIWNCVQLPGCPCC,1,1,1
46,sp|A0A2I6EDN5|CM3A_CONRE,MMSKLRVLLTICLLLFPLSALPLDGDQPADQPAKRMWNGKLAARKPRFDKYDLVRGCCPPQWCGPDCTSPCCG,1,1,1
47,sp|P0DM15|CO6A_CONMF,RDCQEKWEYCIVPILGFVYCCPGLICGPFVCV,1,1,1
48,sp|P0DPJ3|CM3D_CONRE,LCCPPQXCGPDCASPCC,1,1,0
49,sp|A0A2I6EDM2|CM310_CONRE,MLNMGVVLFICLVLFPLATLQLDADQPVERHAENKRNLNPHERREIIMLALRGVNCCHPNLCIGRSALGRKCTCCG,1,1,1
50,sp|A0A2I6EDN8|CM311_CONRE,DQPVERHAENKRHLIPAVMRAMTMNADRRVQCCRIEFCDEDCGCCYH,1,1,0
51,sp|A0A2I6EDM9|CM312_CONRE,DQPVERHAGNKRHLNPTIRRAMIIDANRREKCCEVGWCDSGCECC,1,1,1
52,sp|A0A2I6EDN2|CM316_CONRE,MSKLGVFLTICLLLFPLTALQLDGDQPADKPAQRKLKILPKRKHWTRFTCCYEEECPPSCKLCC,1,1,1
53,sp|P0DPJ7|CM3J_CONRE,GCCSPWNCIQLRACGCC,1,1,1
54,sp|A0A2I6EDL2|CM3K_CONRE,MMFKLGVLLTICLLLFPLTALQLDWDQPGDHMLDISSEIDDRWFDPVRKCCMRPICMCPCCIGP,1,1,1
55,sp|P0DPJ8|CM3M_CONRE,IVRCCSATCKXSCVCCF,1,1,0
56,sp|A0A2I6EDL4|CM3H_CONRE,ALPLDGDQPADQPAERMQDISPELNPLFHPVKRGCCSPWNCIQLRACPCCPN,1,1,1
57,sp|A0A2I6EDL5|CM3L_CONRE,RVLFRSGDQPADQPAERMQDISPEQNPLFHPDKRRCCPMPGCFAGPFCPCCPP,1,1,1
58,sp|P0DPJ4|CM3E_CONRE,KCCMRPICTCPCCIGP,1,1,1
59,sp|A0A2I6EDL3|CM35_CONRE,MMFKLGVLLTICLLLFPLTGTALDGDQLAEHMLDISSGINDRWFDPVRKCCMRPVCTCPCCS,1,1,1
60,sp|A0A2I6EDM5|CM36_CONRE,MMSKLGVLLTICLLLFPLSALPLDGDQPADQPAERVQDISPDQNPLFHLVKRGCCPYPKCIHVTFCKCC,1,1,1
61,sp|A0A2I6EDL7|CM37_CONRE,RVLLTICLLLFPLSALPLDGDQPADQPARHMQSAERNPRFDPVKRCCPYPSCIDIPFCDCCG,1,1,1
62,sp|A0A2I6EDM8|CM3F_CONRE,MMSKLGVLLTICLLLFPLSALPLDGDQPADQPAERMQDISPEQNPLFHPDKRGCCPFPACTTHIICRCC,1,1,1
63,sp|P0DPJ5|CM3G_CONRE,CCMALCSRYHCLPCC,1,1,1
64,sp|P0DPJ2|CM3C_CONRE,CCAFPQWCGAGCIVPCC,1,1,1
65,sp|A0A2I6EDN1|CM314_CONRE,MMSKLGVLLTICLLLFPLSVLPLDGDQPADQPAERMQDISAEQNPWFDPVKRCCNWPRCNVYLCGPCC,1,1,1
66,sp|A0A2I6EDN3|CM315_CONRE,RVLLTICLLLFPLTAIPLGGDQPAERMRNVRSAVQDPRFDSVGWCCPIQGCILGCTPCC,1,1,1
67,sp|A0A2I6EDN0|CM317_CONRE,TICLLLFPLTVVPLDGDQPAHQPAVRKHNIKSAVQLRQWDEEQQCCTGQCHICWPCC,1,1,1
68,sp|A0A0E3SVE7|CG2RA_CONMI,MRFFFLLLTVALFLTSITGDDAERMLGMKEGGYVREDCGSDCMPCGGECCCEPNSCIDGTCHHESSPN,1,1,0
69,sp|A0A2I6EDL6|CM38_CONRE,MMSKLGVLLTICLLLFPLSVLPLDGDQLADQPARHAQSAERNARFHPVKRCCPFPMCYQVPHCPCCG,1,1,1
70,sp|P0DPJ6|CM3I_CONRE,CCAIRLCNVYLCGSCCP,1,1,1
71,sp|A0A0E3SVB8|CG2RB_CONMI,MRFFFLLLTVALFLTSITGDDAERMLGMKEGGYVREDCGSDCAPCGGECCCEPNSCIDGTCHHESSPN,1,1,0
72,sp|A0A0R4I952|CXRA_CONMO,DGECGDKDEPCCGRPDGAKVCNDPWVCILTSSRCENP,1,1,1
73,sp|A0A1W6EVN2|AMPU2_AMPCP,MKAIMVLFYVMTLTIIGSFSMVSGSPGQNDYVNPKLQFACDLLQKAKERQ,1,0,0
74,sp|A0A1W6EVM7|AMPU1_AMPCP,MKAIMVLFYVMMLTIIASVSMVNGSPGKDDYVNPKEQLGYDILEKLRQKP,1,1,0
75,sp|A0A1W6EVN4|AMPU3_AMPCP,MKAIMVLFYVMTLTIIGSFSMLLQKAKERQ,1,0,0
76,sp|P0DPG7|TX35A_PHORI,CGDINAPCQSDCDCCGYSVTCDCYWGNECKCRESNFAIGM,1,1,1
77,sp|A0A0R4I951|TX609_SCOSD,ADDKCEDSLRREIACTKCRDRVRTDDYFYECCTSESTFKKCQTMLHQ,1,1,1
78,sp|C0HKB3|KKX29_PANIM,VDACYEACMHHHMNSDDCIEACKNPVPP,1,1,1
79,sp|C0HL98|MAC1_MACFV,GFGMALKLLKKVL,1,0,0
80,sp|C0HKZ7|SLMB_MACLB,DQDCLPGWSFYEGHCYKVFDVKKTWEDAEKFCTEQMSGGHLVSFHSSEEVDFMIKLASPILKFDLVWIGLSNFWRDCHWGWSDGVKLDYKAWSDKPNCYVAKTVDPQWLHRDCSRTYKFVCKSRVPR,1,0,0
81,sp|P0DM12|PN3A_PAMNI,DCRYMFGDCEKDEDCCKHLGCKRKMKYCAWDFTFT,1,1,1
82,sp|P0DM13|PN3B_PAMNI,GCRYMFGDCEKDEDCCKHLGCKRKMKYCAWDFTFT,1,1,1
83,sp|C0HL97|VM3_CROVE,HQKYNPFRFVELVLVVDKAM,1,0,1
84,sp|C0HKB2|KA241_PANIM,VAKCSTSECGHACQQAGCRNSGCRYGSCICVGC,1,1,0
85,sp|C0HKZ6|SLMA_MACLB,DCPSDWSSHEEHCYKVFRLFKTWEEAEKFCTQQVNGWHLASIESVEEANFLAELVPKTLIKSKYHVWIGLRDQSERQQCSSHWTDGSAVSYEKVVRFTKCFGLNKDKGYLEWVTLPCEDKNPFICKSWVPH,1,0,0
86,sp|P0DPG5|TX1A_AUGEZ,GVDKEGCRYLLGACTIDDDCCLHLGCNKKYGHCGWDGTF,1,1,1
87,sp|X5IWT5|CSA8A_CONGE,MMSKMGAMFVLLLLFTLASSQQEGDVQARKTRPKSDFYRALPRSGSTCTCFTSTNCQGSCECLSPPGCYCSNNGIRQPGCSCTCPGTG,1,1,0
88,sp|P0DPG6|CB28_CONMR,MLRLITAAVLVSACLAYPQKKRTPPQTRPTSRALVSQCRPCPTCRECKCRECKCRECQCRIHSCLSAWDSRGIWMRT,1,1,0
89,sp|P0DM14|TX1_PHLXX,ACLGQWDSCDPKASKCCPNYACEWKYPWCRYKLF,1,1,1
90,sp|C0HL88|SL_CROVE,DLPSGWSSYEGH,1,0,1
91,sp|C0HL51|KTIL_BOTSC,MKVNCKGYPTKFCFGKPLPHCASDGKTYPNRCRFCNAFVKSHGLITLRYYGKCK,1,1,0
92,sp|A0A0G3F8Z3|TBO_TIBOB,MKKTFCFILILVCIVLKSVNAEEEDNFEESSLEMETARCASKNERCGNALYGTKGPGCCNGKCICRTVPRKGVNSCRCM,1,1,0
93,sp|E4VP04|KXA3_MESEU,MKNYCGIITLFLAIISATGVFCVDFPNKGGKCDRKECRKTCKKLNYRGKCFPNYCRCFPG,1,1,0
94,sp|C0HL58|NDB4B_ISOMC,FLGSLFSIGSKLLPGVIKLFQRKKQ,1,0,1
95,sp|C0HL57|NDB4C_ISOMC,FFFLPSLIGGLVSAIK,1,0,1
96,sp|C0HL59|NDB4A_ISOMC,FIGMIPGLIGGLISAIK,1,0,0
97,sp|E4VP41|KXA4_MESEU,MSRLLIFILTAVVLSVIIDILNNSKVEGQYCCYTCIPDCSKSCQDSGLRFKACIPYRSCLCQY,1,1,0
98,sp|C0HKK6|TU3A_UNEBI,DCCPCPAGAVRCRFACC,1,1,0
99,sp|E4VP43|KAX8R_MESEU,MSRLYAIILIALVFNVIMTIMPDMKVEAVSCEDCPEHCATKDQRAKCDNDRCVCEPK,1,1,1
100,sp|A0A0N7CSQ4|TXTRP_SCOMU,MMLKSFCILSVFMVLFLAKFPDLCSGEEISPLKIVVRNSEYLNNPCNGVTCPSGYRCSIVDKQCIKKEK,1,1,0
101,sp|P0DL85|M3A_CONPE,GCCHLLACRFGCSPCCW,1,1,1
102,sp|P0DL84|TX1_CERDA,DCLGWFKSCDPKNDKCCKNYSCSRRDRWCKYDL,1,1,1
103,sp|P0DL83|SCX8_CENSU,KEGYLVNSYTGCKFECFKLGDNDYCKRECKQQYGKGSGGYCYAFGCWCTHLYEQAVVWPLPNKTCN,1,1,1
104,sp|P0DPC2|TXDF1_DAFVA,ECRWFLGGCSGGQTCCEHLVCHRKHQWCVWDWSF,1,1,1
105,sp|A0A1Z0YU59|MAMB1_DENAN,RPSFCNLPVKPGPCNGFFSAFYYSQKTNKCHSFTYGGCKGNANRFSTIEKCRRTCVG,1,1,0
106,sp|P0DL82|3SXNA_CALBG,LECYDTIFKWHTMTCPEGQNLCFYYFTWRIFLVRGCTATCPVGYSHTHCCDTDKCNN,1,1,1
107,sp|A0A1L4BJ98|PLD1_HEMLE,MAHCYYNSKRGCNRVMKTVALVVLISTVMVEESRGDSQEDKKRPIWNIGHMVNAVKQIEEFLDLGANALEADVTFDDNGNPKWTYHGTPCDCFRDCLRWEYVDEYLKRIRELTSPGSSKFRKGFILLMLDLKISKLSDNAKSKAGKEIADMIIKRLWSGSGEKAQLYIVLSFPYVNDIEFVRAFRERVKSKGFASEAEKRIGWDISGNEDLGKIRDAYQKLGITDNVWQSDGITNCLTRSHDRLAEAVCKRDSDKEWPSLKKVYYWTVDKQSSMKEALKVGVDGMITNDPDDLVAVLNEFSGTHRLANINDSPWQKIPRPKSNC,1,0,0
108,sp|P0DL79|TXP1B_BRASM,IIECVFSCDIEKEGKPCKPKGEKKCSGGWKCKIKLCLKI,1,1,1
109,sp|P0DL81|TX1A_APHSP,LFECVLSCDIKKNGKPCKPKGEKKCSGGWRCKINFCLKV,1,1,1
110,sp|F1CGT6|SCX9_CENSU,MKLLMLIVALMIIGVQSKDGYPMDHKGCKISCVINNKYCETECVTVLKGKKGYCYFWKLACYCEGLPNWAKVWDRATNKCRA,1,1,1
111,sp|F8UWP3|SCX4_CENVT,MNYFILILVAALLILDVNCKKDGYPVEHSGCKYTCWKNEYCDKVCKDLKGEGGYCYINLTCWCTGLPDNVPLKTNQRCNGKRK,1,1,1
112,sp|P0DL76|CONOT_CONTU,CYIQNCLRV,1,1,0
113,sp|P0DL77|CT1A_CORTR,MKTFTLIAILTCAVLVIFHAAAAEELEVQDVIQPEDTLTGLATLDEDRLFECSFSCDIKKNGKPCKGSGEKKCSGGWRCKMNFCVKV,1,1,1
114,sp|P0DL78|CT1B_CORTR,MRTFTLIAILTCALLVIYHAAEAEELEAKDVIESKALATLDEERFECSLSCDIKKNGKPCKGSGEKKCSGGWRCKMNFCLKF,1,1,1
115,sp|P0DL80|TXP1A_BRASM,IFECVFSCDIEKEGKPCKPKGEKKCSGGWKCKIKLCLKI,1,1,1
116,sp|P0DP97|EP1A_BUMPU,DCLKFGWKCNPRNDKCCSGLKCGSNHNWCKLHL,1,1,1
117,sp|B1P1E2|JZ11D_CHIGU,MKASVLITLAVLGVMFVWASAAELEERGSDQRDSPAWLKSMERIFQSEERECRKMFGGCSVDSDCCAHLGCKPTLKYCAWDGTFGK,1,1,1
118,sp|P0DP96|OSP1B_ORPS1,ECLGWMKGCEPKNNKCCSSYVCTYKYPWCRYDL,1,1,1
119,sp|P0DL75|TXR7_MACRV,MKTIVYLIVSILLLSSTVLVLAEGNAASHELQEYPIEEQRKCVDGSCDPYSSDAPPCCDNQICQCIFFVPCYCKYRGK,1,1,1
120,sp|P0DL72|TX15_GRAPO,DCLGFMRKCIPDNDKCCRPNLVCSRTHKWCKYVF,1,1,1
121,sp|P0DL73|TX15_PARSR,DCLGFMRKCIPDNDKCCRPNLVCSRTHKWCKYVF,1,1,1
122,sp|C0HL38|TX1A_NEPCV,MIYQVVLLLLVSPAPVSAAGCNPDCTGIQCGWPRCPGGQNPVMDKCVSCCPFCPPKSAQG,1,1,0
123,sp|A0A0J9X1W9|HD1A_CYRDO,ACLGFGKSCNPSNDQCCKSSSLACSTKHKWCKYEL,1,1,1
124,sp|P0DP95|OSP1A_ORPS2,GCKGFGKACKYGADECCKNLVCSKKHKWCKYTL,1,1,1
125,sp|C0HKC3|PA2B1_AGKPL,MRTLWIMAVLLLGVEGNLFQFEKLIKKMTGKSGMLWYSAYGCYCGWGGQGRPKDATDRCCFVHDCCYGKVTGCNPKMDIYTYSVENGNIVCGGTNPCKKQICECDRAAAICFRDNLKTYDSKTYWKYPKKNCKEESEPC,1,1,0
126,sp|C0HKC2|PA2HB_AGKPL,MRTLWIVALLLVGVEGSVLELGKMILQETGKNAITSYGSYGCNCGWGHRGQPKDATDRCCFVHKCCYKKLTDCNHKTDRYSYSWKNKAIICEEKNPCLKEMCECDKAVAICLRENLDTYNKKYKAYFKLKCKKPDTC,1,1,1
127,sp|P0DP98|SE1A_SELEF,DCLGWMAGCDFNDNKCCAGYVCKKHPWCRYDL,1,1,1
128,sp|P0DP94|CCY1B_CHRCN,DDCLGFFKSCNPDNDKCCENYKCNRRDKWCKYVL,1,1,1
129,sp|P0DP93|CCY1A_CHRCN,DDCLGIFKSCNPDNDKCCESYKCSRRDKWCKYVL,1,1,1
130,sp|P0DL74|VSTX3_PARSR,DCLGWFKGCDPDNDKCCEGYKCNRRDKWCKYKLW,1,1,1
131,sp|C0HKY8|M3D_CONAO,CCDRIACRFGCVPCCT,1,1,1
132,sp|C0HKY9|M3E_CONAO,DCCIIAGCPFGCTICC,1,1,1
133,sp|C0HKZ0|M3F_CONAO,DCCPIAGCPFGCTICC,1,1,1
134,sp|C0HKZ3|M3I_CONAO,ECCRYVDCRRGCTPCC,1,1,1
135,sp|C0HKZ8|3NOJ_WALAE,MECYKCGVSGCHLKITCSAEEKFCYKWRDKISNERWLGCAKTCTEENTWRVYNSCCTTNLCNP,1,1,1
136,sp|C0HKY2|CT10A_CONAO,RCCGYKFCHIC,1,1,1
137,sp|C0HKY3|CT10B_CONAO,RCCGYKFCYIC,1,1,1
138,sp|C0HKY4|CT10C_CONAO,ACCVYKICYPC,1,1,1
139,sp|C0HKY7|CM3C_CONAO,VCCPFGRCHQICQCCER,1,1,1
140,sp|C0HKY6|CM3B_CONAO,CCDWDWCDHICTCCGG,1,1,1
141,sp|C0HKY5|CT5D_CONAO,DGCCIAKQCC,1,1,1
142,sp|I7GQA7|PA2_XYLAI,MHALRSSVLALWLCLHVSVRAWMTYRSANGLDEYEPEDRIIFVGTKWCGNGNVAEGPEDLGSLKETDACCREHDMCPDLIEAGQSKHGLTNTASYTRLNCACDEKFYNCLKNSSETGSGAVRFTYFTLLGTMCYRNEHPLICVKKGWFSCSKYELDQSQPKRYQWFDVSSNFAFPRMLT,1,0,0
143,sp|C0HKQ5|XAC1_XYLAI,GFVALLKKLPLILKHLH,1,0,1
144,sp|C0HKB8|PA2A1_MICDM,NLIDFKNMIKCTTKRSVLDFADYGCYCGSGGSGTPVDDLDRCCKVHDDCYGEAEKVHGCWPKWTLYSYDCSNGQLTCKDNNTKCKDFVCNCDRTAAICFAKAPYDDNNFMINNPRCQ,1,1,0
145,sp|C0HKB9|PA2B1_MICMP,NLIHFSSMIKCTIPGSKPVPDYSDYGCYCGKGGSGTPVDALDRCCQVHDKCYGDAESIYGCTPFLTYYSYECSERQDLCRGNGTKCKAFVCNCDRLAALCFAKAPYNKKNYNINLNRCK,1,1,0
146,sp|A0A1S4NYE8|TX1_PSARE,EDCLGWFSRCSPKNDKCCPNYKCSSKDLWCKYKIW,1,1,1
147,sp|C0HKQ6|XAC2_XYLAI,GFVALLKKLPLILKHLP,1,0,1
148,sp|C0HKM3|HYAL_CONPU,MRVVVVVTGLVVVVVATALSLPDHDVKSASSPLSSSSVYQGSSGDDCDEGLPPPDRPFYVVWNHPDTCKRNRIPLHLDHYGFIFNKNRLFLGEEIQTLYNTGLWPNISETGEFFNGGLPQLFTHHDYSETVEILGRYRTENFTGLGILDFEEWRAIYDTNFGIMRKYQDESIKLAKQRYPSYNKKELTMVAEQEWDQAAREIMSTKLAIGQALMPGGHWGYYGYPRTWGSKRNTQLRNNRIDWLWRQSTGLYPSIYIKDPNMTESAIAEFVSGNVEEAVRVQDEFSPPNTPIYPYAMLQSGDHIFFQVDHLKISLGLPAKMGTSGVILWASSNRYKNATRQCSRMRVHIDNVLGPYVENLTQVMADCSTTLCGGHGRCVHNSHDVLLGETDSQRLSGLCTPRHSRFRDYHCRCYSDWEGACCQTVRPSRCHKQQQGNVHEGGDLQEGHVVNVVNPLIG,1,0,0
149,sp|C0HJQ2|KA192_BUTOC,AACYSSDCRVKCRAMGFSSGKCIDSKCKCYK,1,1,1
150,sp|C0HJS9|KAX1I_RHOJU,IVIDVPCTVSKECWSACKKAVGTDRGKCMGKKCKCYP,1,1,1
151,sp|P0DL70|KAX2I_CENLI,TTINVKCTSPKQCLPPCKEIYGRHAGAKCINGKCHCSKI,1,1,1
152,sp|C0HJT0|KAX2J_RHOJU,TVIDVKCTSPKQCVPACKAAMGTVRAKCMNGKCKCYI,1,1,1
153,sp|P0DL71|COS_CONTE,AIVGRPRF,1,1,1
154,sp|P0DL69|UNTX_CENLI,KYCYNDDDCKSECMVVKYCQQGTCYCKGN,1,1,1
155,sp|P0DP55|NPYV_MEIAT,MHPNYVSWLGAVGFLLWALLCLGAWTEAYPVKPENPGEDAPAEELAKYYSALRHYINLITRQRYGKRSTPEILDTLVSELLLKETSDTLPQSRYDPSLW,1,0,0
156,sp|P0DP56|PENKV_MEIAT,MAASALSTCLWMLVLGTCVSLVVGTDCGKECALCVYRLLGQQSTLSSLTCSLECDGGLDSQKLRLCQDVLLEEENQSPLASQQDQERVDAMMADEEDATSPEHQMAKKYGGFMKRYGGFMSRRSSASSLEEAGNQDEEQSIRTEILKILNAATEHGGEGDGQEAEAVKRYGGFMRRADRGAAQGNLVEAVLGRVLKKRYGGFMRRVGRPEWLVDSSKKVGVLKENGSELQKRHGGFMD,1,0,0
157,sp|P0DP54|PA2V_MEIAT,MAACHRILLLLSVAVASGAAQKPPLTKRGLLEFGGIITCSTGRSPLSYVMYGCYCGLGGKGWPRDKADCCHEHDCCYGEAETLGCQTKTDQYRWKCEDKKVECDDLNDKCEKFLCKCDRDAAKCLEKAPYNQKYLFWPSFMCGSEEPKCSIY,1,1,0
158,sp|A0A1L1QJU3|TP1A_HADIN,NECIRKWLSCVDRKNDCCEGLECYKRRHSFEVCVPIPGFCLVKWKQCDGRERDCCAGLECWKRSGNKSSVCAPIT,1,1,1
159,sp|P0DP46|TP1B_HADIN,NECIRKWLSCVDRKNDCCEGLECYKRRHSFEVCVPIPGFCLVKWKQCDGRERDCCPGLECWKRSGNKSSVCAPIT,1,1,1
160,sp|C0HJM9|SCX2_TITFA,MKRFLLFISILMMIGTIVVGKEGYAMDHEGCKFSCFIRPSGFCDGYCKTHLKASSGYCAWPACYCYGVPSNIKVWDYATNKCGK,1,1,1
161,sp|P0DP47|TP1C_HADIN,QECIAKWKSCAGRKLDCCEGLECWKRRWGHEVCVPITQKIFCLEKWKSCFERKYDCCEELECWERRGNKHPVCAPKQ,1,1,1
162,sp|P0DP48|TP1D_HADIN,NECIRKWLSCVDRKNDCCEGLECYKRRHSFEVCVPIPGFCLVKWKQCDGRERDCCAGLECWKRSGNKSSVCAPIA,1,1,1
163,sp|C0HKG9|TX1C_CHEPU,MKFSLFFSVFFLAVLHACLSESEIDLEDEEHFMSSDSFLSEIQDESRGKTCIERNKECTNDRHGCCRGKIFKDKCTCVKSGKTEKCVCTQKKWAKIIESYIGDIPALPKPVDDKCVPKHADCSKRKDDCCKGGIFKYQCKCYDMYDDDGEKTDLCGCVSPVEHQAIEGALRIAKKLIGDRWGR,1,1,1
164,sp|C0HKG7|TX1A_CHEPU,MKFSLFFSVFFLAVLHACLSESEIDLEDEEHFMSSDSFLSEIQDESRGKTCIERNKECTNDRHGCCRGKIFKDKCTCVKNGKTEKCVCTQKKWAKIIESYIGDIPALPKPVDDKCVPKHADCSKRKDDCCKGGIFKYQCKCYDMYDDDGEKTDLCGCVSPVEHQAIEGALRIAKKLIGDRWGR,1,1,1
165,sp|C0HKG8|TX1B_CHEPU,MKFSLFFSVFFLAVLHACLSESEIDLEDEEHFMSSDSFLSEIQDESRGKTCIERNKECTNDRHGCCRGKIFKDKCTCVKNGKTEKCVCTQKKWAKIIESYIGDIPALPKPVDDKCVPKHADCSKRKDECCKGGIFKYQCKCYDMYDDDGEKTDLCGCVSPVEHQAIEGALRIAKKLIGDRWGR,1,1,1
166,sp|W5U5X5|TX3A_CHEPU,MKALYLLGLLAFLYSCSSENVYDLQPESSEEENPGTFLEAIQEQSRTCVPRDGDCTENRKACCRSKIFQDRCQCRKVSQDKVACSCKQPYWLMKIEEILGDIPEKPKPVEGKCVKKHHDCSQRKNDCCPGSMENYTCKCYNTLEEGAKESEICGCVSKADHQILAQGFRYVKRLHDLR,1,1,1
167,sp|C0HKG4|TX4A_CHEPU,ASCTERKHDCTKDRHSCCRG,1,1,1
168,sp|A0A059T2H4|TX2A_CHEPU,MKFSLFFGVLFLAILHSCLSESEKDLTDEDHFRSSDSFLSEIQEESRGKKCIERNKECTNDRHGCCRGKIFKDKCECVGSGGKERCVCKQKKWAKIIESYIGDIPTLPKPEDDKCVPKHEDCSERKNDCCKSGLFTLKCKCYDMQDDEDGKKTELCGCVQPFEHKAIEQALRFGKWMVG,1,1,1
169,sp|C0HJM4|VM2_CROSM,AGEECDCGSPANPCCDAATCKLRPGAQCADGLCCDQCRFIKKGTVCRPARGDWNDDTCTGQSADCPRNPFH,1,1,1
170,sp|C0HJM5|VM2_CERSA,EAGEECDCGAPANPCCDAATCKLRPGAQCAEGLCCDQCRFMKEGTVCHRARGDDVDDYCNGISAGCPRNPFH,1,1,1
171,sp|M9PQ91|O164_CONBE,MKLTCMVIVAVLFLTAWTSVMADGSINRPDIAEGWQKFFSKARDEMKNRAASELNKRCAGIGSFCGLPGLVDCCSGRCFIVCLP,1,1,1
172,sp|A0A0F6QDA5|O16A_CONEB,LNKRCAGIGSFCGLPGLVDCCSGRCFIVCLP,1,1,1
173,sp|P0DL67|O16A_CONSC,CAGIGSFCGLPGLVDCCSDRCFIVCLP,1,1,1
174,sp|P0DL66|O16A_CONTS,CAAFGSFCGLPGLVDCCSGRCFIVCLL,1,1,1
175,sp|C0HK69|SCX13_CENLI,KEGYLVDYHTGCKYTCAKLGDNDYCVRECRLRYYQSAHGYCYAFACWCTHLYEQAVVRPLPNKRCR,1,1,1
176,sp|P0DP36|KA233_SCOTI,MKMSIVIILLLFTCLIATNGASGTKCSGSPECVKFCRTKGCRNGKCMNRSCKCYLCS,1,1,1
177,sp|P0DP18|COW_CONZE,VVGCPWQPWC,1,1,1
178,sp|P0DP20|COWA_CONFI,VVGCPWQPWC,1,1,1
179,sp|P0DP19|COW1_CONBE,VVGCPWQPWC,1,1,1
180,sp|P0DP17|COWA_CONLE,GCPWEPWC,1,1,1
181,sp|P0DP16|COWA_CONCB,GCPWEPWC,1,1,1
182,sp|C0HKF6|CA2B_CONER,QTPGCCWHPACGKNRC,1,1,1
183,sp|P0DL68|CA1A_CONLM,SGCCSNPACRVNNPNIC,1,1,1
184,sp|P0DOZ8|M3A_CONAX,CCQWPCSHGCIPCCY,1,1,1
185,sp|P0DP11|M3C_CONFI,CCSTNCAVCIPCCP,1,1,1
186,sp|P0DP10|M3A_CONFI,CCSQDCRVCIPCCPY,1,1,1
187,sp|W4VS16|H72_CONVC,MNTAGRLLLLCLVLGLVFESLGIPVADDLEADRDTDPDEKDPSVHNYWRNVNCGGVPCKFGCCREDRCREIDCD,1,1,0
188,sp|W4VSB6|H71_CONVC,MNTAGRLLLLCLALGLVFESLGIPVADDVEAVRDTDPDEKDPSVHNSLKAVYGDCGGERCRFGCCKTDDGEEKCQHFGCP,1,1,0
189,sp|A0A0F7YYV0|INS_CONVC,MTTSSYFLLVALGLLLYVCQSSFGGEHVCWLDDPNHPEGICGPQVSDIVEIRCEEKEAEQGGANNARAYTGRTSSLMKRRGFLSLLKKRGKRDEGSLQRSGRGIVCECCKHHCTKEELTEYCH,1,0,0
190,sp|P0DOZ0|O16A_CONLG,DQCSYCGIYCCPPKFCTSAGCRSP,1,1,1
191,sp|A0A1L2FZD4|KAX88_ORTSC,MCRLYAIILIVLVMNVIMTIIPDSKVEVVSCEDCPEHCSTQKARAKCDNDKCVCEPI,1,1,1
192,sp|A0A0F7YYX3|CPROH_CONVC,MSSPLRMDVTFLLAAIAVTWVCGLKIGFPGFSTPPRSFIQHPKRTLCPEDCDIASPFKCEESPTCLRLFQVCNGRWDCEHGSDEDNALCAAVLRPLECMIWEFLEGQRDWILPNLFNDANTDLVAHALHEAYSMGDLQSYLNLTDQNIENIRNSTRGAIVGDPRPLMALGMPDRAWPEVMYLLKELYNLGLDVWAE,1,0,0
193,sp|A0A0F7Z3J2|CTHA2_CONVC,MGRRDSGRAVAQRYRGVTRGVTVIACLMVVCACVGLCDATGQKRHSWEAPGCHLVGHTRVVRIPDCVPFQITTNACRGFCVSYAIPSPYQTLVYNPNHIITSRAACCDIIDTLDIPVQVTCVDGVREIVFKSARSCACSICRRE,1,1,0
194,sp|P0DOZ1|CU6B_CONLG,SCLSSGALCGIDSNCCNGCNVPRNQCY,1,1,1
195,sp|P0DP13|COWB_CONFI,GCPWMPWC,1,1,1
196,sp|P0DP14|COWC_CONFI,GCPWDPWC,1,1,1
197,sp|P0DP12|CM5A_CONFI,DCCWPGRPDCCAP,1,1,1
198,sp|P0DOZ7|COSR_CONVC,MSGRGFLLLALLLLVTVEATKVEKKHSGFLLAWSGPRNRFVRFGRRDMQSPLLSERLRL,1,0,0
199,sp|H2BKS9|CM3A_CONTS,MMSKLGVLLTICLLLFPLTAVPLDGDQPADQPAERKQNEQHPLFDQKRGCCRWPCPSRCGMARCCSS,1,1,1
200,sp|P0DOZ2|CONGA_CONAV,GAYFDGFDVPCVPRRDDC,1,1,0
201,sp|P0DOZ6|CKG_CONGL,GAKERNNAEAVRERLEEI,1,0,0
202,sp|P0DOZ4|CKQ_CONQU,GYEEREVAETVRELDAA,1,0,0
203,sp|P0DOZ5|CKC_CONCB,GYEEREIAETVRELEEA,1,0,0
204,sp|F5C0A0|CA1A_CONVR,MGMRMMFVVFLLVVFASSVTLDRASYGRYASPVDRASALIAQAILRDCCSNPPCAHNNPDCR,1,0,1
205,sp|H9N3R7|CA1C_CONLI,AGNAKMSALMALTIRGCCSHPVCSAMSPICG,1,1,1
206,sp|K8DWB5|CA1D_CONTE,FDGRNAAGNDKMSALMALTTRGCCSHPVCSAMSPICG,1,1,1
207,sp|P0DOZ3|C6G_CONRE,RVLEPGXEDPDVGEPAGEYEHHLLEX,1,0,0
208,sp|A0A0F7YZQ7|CELE_CONVC,MAPSQKALLVLVLSMLLTASDSWARRIDCKVFVFAPICRGVAAKRGGDSLSVGGSAELDDALTDPFLRSEEPREWRELTRLSRVLQTFLSHPTGETEQHD,1,0,0
209,sp|W4VSG7|CH1_CONVC,MRTSGRLLLLCLAVGLLLESQAHPNADAGDATRDVGSDRTSVELSKMLKGWQAEKGQRKASAPKKFYVYPPVRRSFY,1,0,0
210,sp|P0DP00|CKO_CONOH,GEEERKAMAELEAKKAQEALKA,1,0,0
211,sp|P0DOZ9|CUEA_CONAX,SCGYPCSHCGIPGCYPG,1,1,1
212,sp|A0A0F7YZI5|CTHB5_CONVC,MVMPLVLSLALTPPPLCHATLVDPRTTLQCHVRSYTFRATKPPIVNENGDPVTCQGDVRVSSCWGRCDSSEIGDYKMPFKISNHPVCTYTGRVSRTVRLSQCAGYPDPTVQVFDATGCACQFCNSETQLCEKLNG,1,0,0
213,sp|C0HKD0|TX3A_HETMC,EPCIPKWKSCVNRHGDCCAGLECWKRRKSFEVCVPKV,1,1,1
214,sp|A0A0B5ADV0|INS1_CONME,MATSSCFLLVTLGLLLHVQQAFLHEHTCSPSEPAAPGGICGSNLAELHSFLCEKELEDYSGSALKKRGRPSRRMKRRDFLSALKTRVKRKEGRSVKRSPTSGMSCECCKNSCDAEEILEYCPPLPSS,1,0,0
215,sp|A0A0B5ABD5|INS3_CONTU,MTTSFYFLLMALGLLLYVCQSSFGNQHTRNSDTPKYRCGSDIPNSYMDLCFRKRNDAGKKRGQASPLWQRGGSLSMLKARAKRNEAFHLQRAHRGVVEHCCKRACSNAEFMQFCGNS,1,0,0
216,sp|A0A0B5ABE4|INS1B_CONQU,MTTSSYFLLVALGLLLYLCQSSFGTEHTCEPGASPHPQGKCGPELAEFHETMCEVEESLQGGTDDARKKRGRASLLRKRRGFLSMLKARAKRNEASPLPRAGRGIVCECCKNSCTYEEITEYCPPVTEGSG,1,0,0
217,sp|A0A0B5ADU4|INS1_CONTU,MTTSFYFLLMALGLLLYVCQSSFGNQHTRNSDTPKYRCGSEIPNSYIDLCFRKRNDAGKKRGRASPLWQRGGSLSMLKARAKRNEAFHLQRAHRGVVEHCCHRPCSNAEFKKFCG,1,0,0
218,sp|A0A0B5A7N1|INS2B_CONFO,MTTSSYFLLVALGLLLYVCRSSFGSEHTCESDASPHPQGVCGSPLAEAVEAACELEESLQGGTGKKRGRASLLRKRRAFLSMLKARAKRNEASPLQRSGRGIVCECCKNHCNLEELTEYCPPVTEGSG,1,0,0
219,sp|A0A0B5ADT3|INS2B_CONGE,MTTSSYFLLVALGLLLYVRQSFSTHEHTCQLDDPAHPQGKCGSDLVNYHEEKCEEEEARRGGTNDGGKKRRRASPLRKRRRFISMLKARAKRRGYQGIACECCQHYCTDQEFINYCPPVTESSSSSSSAV,1,0,0
220,sp|A0A0B5A8P8|INS2_CONIM,MALTWPSSPPVLLTLLLSLLALQLCAVYGSYEHTCTLATRSRGAHPSGICGRNLARIVSVLCTPRGYVSNWFTKRSAPNKPAETFVDQNLRGVLLNKREALSYLRPREPRATRGTFGSQGITCECCFNQCTYYELLQYCN,1,0,0
221,sp|A0A0B5A8P4|INS3A_CONGE,MTTSFYFLLVALGLLLYVCQSSFGNQHTRNSDTPKHRCGSELADQYVQLCHGKRNDAGKKRGRASPLWQRQGFLSMLKAKRNEAFFLQRDGRGIVEVCCDNPCTVATLRTFCH,1,0,0
222,sp|A0A0B5ABE6|INS1A_CONQU,MTTSSYFLLVALGLLLYLCQSSFGTEHTCEPGASPHPQGKCRPELAEFHETMCEVEESLQGGTDDARKKRGRASLLRKRRGFLSMLKARAKRNEASPLPRAGRGIVCECCKNSCTYEEITEYCPPVTEGSG,1,0,0
223,sp|A0A0B5A8Q2|INS1B_CONGE,MTTSFYFLLMALGLLLYVCQSSFGNQHTRTFDTPKHRCGSEITNSYMDLCYRKRNDAGEKRGRASPLWQRRGFLSKLKARAKRNGAFHLPRDGRGVVEHCCHRPCSNAEFRKYCG,1,0,0
224,sp|A0A0B5AC98|INS1_CONFO,MTTSSYFLLVTLGLLLYVCRSSFGTEHTCESDASPHPQGVCGSPLAEAVEAACELEEYLQGGTGKKRGRASPLRKRRAFLSMLKARAKRNEASPLQRSGRGIVCECCKNHCNIEELTEYCPPVTEGSG,1,0,0
225,sp|A0A0B5A8Q6|INS1_CONMR,MTTSSYFLLVALGLLLYVCQSSFGGEHVCGSNQPNHPNGKCGSKMADYLEEQCEEEEAAHGGTNDARATTGRALSLSKRRGFLSMLKRRGKRNEASPLQRAGRGIVCECCKNHCTDEEFTEYCPHVTESG,1,0,0
226,sp|A0A0B5A7N8|INS1_CONTE,MTTSSYFLLVALGLLLYVFQSSFGGEHVCWLGDPNHPQGICGPQVADIVEIRCEEKEAEQGGANNARANTGRTSSLMKRRGFLSLLKKRGKRDEGSPLQRSGRGIVCECCKHHCTKEEFTEYCH,1,0,0
227,sp|A0A0B5ABD9|INS2A_CONGE,MTTSSYFLLVALGLLLYVRQSFSTHEHTCQLDDPAHPQGKCGSDLVNYHEEKCEEEEARRGGTNDGGKKRRRASPLWKRRRFLSMLKARAKRTGYKGIACECCQHYCTDQEFINYCPPVTESSSSSSSAA,1,0,0
228,sp|A0A0B5AC95|INS1A_CONGE,MTTSSYFLLMALGLLLYVCQSSFGNQHTRTFDTPKHRCGSEITNSYMDLCYRKRNDAGEKRGRASPLWQRRGSLSKLKARAKRNGAFHLPRDGRGVVEHCCHRPCSNAEFKKYCG,1,0,0
229,sp|A0A0B5A7P2|INS1C_CONGE,MTTSFYFLLMALGLLLYVCQSSFGNQHTRTFDTPKHRCGSEITNSYMDLCYRKRNDAGKKRGRASPLWQRRGSLSQLKARAKRNGAFHLPRDGRGVVEHCCHRPCSNAEFKKYCS,1,0,0
230,sp|A0A0B5A7M7|INS1_CONIM,MATSLLSPLLVAMLGFLLHVHVARAGLEHTCTLETRMQGAHPQGICGSKLPDIVHTVCQVMGRGYAGGQRQLRKRTSMIDSDDMEAEGGSRGGFLMSKRRALSYLQKETNPLVMAGYERRGIQKRHGEQGITCECCYNHCSFRELVQYCN,1,0,0
231,sp|A0A0B5ADT9|INS2A_CONFO,MTTSSYFLLVALGLLLYVCRSSFGSEHTCESDASPHPQGVCGSPLAEAVEAACELEESLQGGTGKKRGRASLLRKRRAFLSMLKARAKRNEASPLQRSGRGIVCECCKNHCNIEELTEYCPPVTEGSG,1,0,0
232,sp|A0A0B5A7N5|INS2C_CONFO,MTTSSYFLLVALGLLLYVCRSSFGSEHTCESDASPHPQGVCGSPLAEAVEAACELEQSLQGGTGKKRGRASLLRKRRAFLSMLKARAKRNEASPLQRSGRGIVCECCKNHCNIEELTEYCPPVTEGSG,1,0,0
233,sp|A0A0B5AC90|INS2_CONTU,MTTSFYFLLMALGLLLYVCQSSFGNQHTRNSDTPKYRCGSDIPNSYMDLCFRKRNDAGKKRGQASPLWQRGGSLSMLKARAKRNEAFHLQRAHRGVVEHCCYRPCSNAEFKKFCG,1,0,0
234,sp|A0A0B5AC86|INS3B_CONGE,MTTSFYFLLVALGLLLYVCQSSFGNQHTRNSDTPKHRCGSELADQYVQLCHGKRNDAGKKRGRASPLWQRQGFLSMLKAKRNEAFFLQRDGRGIVEVCCDNPCTVATLMTFCH,1,0,0
235,sp|C0HKC4|PA2B1_AGKPC,NLFQFEKLIKKMTGKSGMLWYSAYGCYCGWGGQGRPKDATDRCCFVHDCCYGKVTGCNPKMDIYTYSVDNGNIVCGGTNPCKKQICECDRAAAICFRDNLKTYDSKTYWKYPKKNCKEESEPC,1,1,1
236,sp|C0HKC1|PA2HB_AGKPC,SVLELGKMILQETGKNAITSYGSYGCNCGWGHRGQPKDATDRCCFVHKCCYKKLTDCNHKTDRYSYSWKNKAIICEEKNPCLKEMCECDKAVAICLRENLDTYNKKYKAYFKLKCKKPDTC,1,1,1
237,sp|X5IWS1|O17J_CONGE,MKLTCVVIVAALLLTACQLITALDCGGTQKHRALRSTIKLSLLRQHRGWCGDPGATCGKLRLYCCSGFCDCYTKTCKDKSSA,1,1,1
238,sp|A0A0A0VBX4|CDKA_CONGR,MPKQEKMMLVLLILPLPYCNAAGVTTVQWGGHGDGLDRYLQRGVRDIHRPCQSVRPGRVWGKCCLTRLCSTMCCARADCTCVYHTWRGHGCSCVM,1,1,0
239,sp|P0DOW6|O27A_CONPG,CDAPTHYCTNYWECCSGYCEHSHCW,1,1,1
240,sp|P0DL65|KA26U_MESMA,MMSRLSVFILIALVLSVIIDVLNNSKVEGACVENCRKYCQDKGARNGKCINSNCHCYY,1,1,0
241,sp|C0HJT2|NDBP8_TITSE,KIWRS,1,1,1
242,sp|C0HJE7|OXLA_CRODU,AHDRNPLEECFRETDYEEFLEIARNGLTVTSNPKHVVIV,1,0,1
243,sp|C0HK42|LL1_LASLA,VNWKKVLGKIIKVAK,1,0,0
244,sp|C0HK44|LL3_LASLA,VNWKKILGKIIKVVK,1,0,1
245,sp|C0HK43|LL2_LASLA,VNWKKILGKIIKVAK,1,0,0
246,sp|C0HK47|PCQ50_ECTBR,FWGALFKTVAKVVAPFVPDIVKWVQEKV,1,0,0
247,sp|C0HJY7|PON1D_ANOEM,RSLCSNGCRPKPFGGCSC,1,1,1
248,sp|C0HJY5|PON1B_ANOEM,RYCPSGCRKKPYGGGCSC,1,1,0
249,sp|C0HJY8|PON1E_ANOEM,GVGCSSGCHKVGGQCRCG,1,1,0
250,sp|C0HJY9|PON1F_ANOEM,SFYACTNGCWVKPGGGCQC,1,1,0
251,sp|C0HJY6|PON1C_ANOEM,RSVCSNGCRPKPFGGCSC,1,1,1
252,sp|C0HJY4|PON1A_ANOEM,WCASGCRKKRHGGCSC,1,1,1
253,sp|C0HJZ0|PON1G_ANOEM,GTGCSSGCHRVGQQCRCG,1,1,0
254,sp|C0HK45|PCQ42_ECTBR,FWGAVWKILSKVLPHIPGTVKWLQEKV,1,0,0
255,sp|C0HK46|PCQ49_ECTBR,FWGALVAGLAPKVAIGIKAINKKG,1,0,0
256,sp|C0HK50|VM2_CROTA,GEECDCGSPANPCCDAATCKLRPGAQCADGLCCDQCRFIKKGTICRRARGDNPDDRCTGQSADCPRNHFHA,1,1,1
257,sp|C0HJV7|ML1A_LACTA,MKSFVFALALIVAFACISESKSDHTGYEEEENLEDSELTDLVTAALLEELAEASEMDDLSYTEEAGGERMDKLEEMALKLKDKLKTMAEKGAQMGEKLKEMLPKAIEKLKELTEKMKNKMG,1,0,0
258,sp|C0HJV8|ML1B_LACTA,MKSFVFALALIVAFACISESKSDHTGYEEEENLEDSELTDLVAAALLEELAEASEMDDLSYTEEAGGERMDKLEEMALKLKDKLKTMAEKGAQMGEKLKEMLPKAMEKLKELMEKMKNKMG,1,0,0
259,sp|C0HJV5|CTX3_LACTA,KSKWGKLWGKAKGVAKKGAKKVKKALLKALKKKLAKEMAKSKGVDYKEMKAKVMAMDKAKVLQEAMKILGKKAMDKYLS,1,0,0
260,sp|C0HJV3|CTX21_LACTA,SWDSIWKSAKNKMDKIMRQKVAKWMAKKEGKSVEEVQAKVDAMSKKDIRLHVISHYGKKAFEQLSKSLE,1,0,0
261,sp|C0HJV4|CTX23_LACTA,SWDSIWKSAKNKMDKIMRQKVAKWMAKKEGKSVEEVQAKVDAMSKKDIRMHVISHYGKKAFEQLSKSLEE,1,0,0
262,sp|C0HJV6|CTX4_LACTA,MKCFILAAALVLAFACIAASEPAETENEDLDDLSDLEDEEWLDELEEAAEYLESLREFEESRGYKDYMSKAKDLYKDIKKDKRVKAVMKSSYMKEAKKLYKDNPVRDAYQVYKGVKAGGKLLFG,1,0,0
263,sp|P0DOC5|TX1B_HETMC,ECRYLFGGCKTTADCCKHLGCRTDLYYCAWDGTF,1,1,1
264,sp|C0HJW6|KAX2G_CENTE,TIINVKCTSPKQCLKPCKDLYGPHAGEKCMNGKCKCYKI,1,1,1
265,sp|C0HJW5|KAX2H_CENTE,TIINVKCTSPKQCLLPCKQIYGPHAGAKCMNGKCHCSKI,1,1,1
266,sp|C0HJW1|KAX2F_CENTE,IFINVKCSSPQQCLKPCKKAFGQHAGGKCINGKCKCYP,1,1,1
267,sp|C0HJW3|KGX19_CENTE,DRDSCIDKSRCSKYGYYQECQDCCKKAGHNRGTCMFFKCKCA,1,1,1
268,sp|C0HK04|3SX1_MICCK,RICDDSSIPFLRTPQLCPKGQDVCYKKTPIVKKFKWLQKKGCASSCPKNGFIKIFKIECCTKDNCI,1,1,0
269,sp|C0HK16|PA2BD_DABRR,SLLEFGKMILEETGKLAIPSYSSYGCYCGWGGKGTPKDATDRCCFVHDCCYGNLPDCNNKSKRYRYKKVNGAIVCEKGTSCENRICECDKAAAICFRQNLNTYSKKYMLYPDFLCKGELVC,1,1,1
270,sp|C0HJW2|KA104_CENTE,AVCVYRTCDKDCKRRGYRSGKCINNACKCYPYA,1,1,1
271,sp|C0HJW4|PEP_CENTE,IRRYCDPRVCDRECLEKGKYFGRCIRDICKCN,1,1,0
272,sp|A0A0U5AUY6|3SA9_NAJNA,VVTIVCLDLGYTLKCNKLVPLFYKTCPAGKNLCYKMYMVATPKVPVKRGCIDVCPKSSLLVKYVCCNTDRCN,1,1,1
273,sp|C0HJT4|3NOJ_DENAN,LECHRRGSFISDGKITCSAKKTFCCKMYEKIFGIYWYGCAKTYTEKNTWNVYSKCCTTNLCNT,1,0,1
274,sp|Q9VK50|ACXE_DROME,MPRSLGNCQLNYSKERMWEPGYLKAKCAELRLESEFRLYRIRLWKSYLLTFFMLHIFVTSVHCALLLATIERRSIIYFDVALSIGCALVLILVLSVNFCDEFIAKHTWYMYASSIFASLTLVFADLTESIYHTYAHSWILGTFYDTYIIYMIYMFLPIHFISGAVLLALLVSGLYILYFVIFIAQGFAQFASALFSVGGMSVDIVHYLCLNLVGIFYRVMNDTVVRSSFLDRHQYIKEKIWLRNARLQEKQLLDSILPPQISLPLQKDIQGRIVMAKQGIHSWTAMERTMAIQIHPDVSILYADVVNYTHLTTTLTVEMLVKVLHDLYGRFDLAAYRYKVQRIKFLGDCYYCVAGLSDPDPDHANNCVILGLSMINHIMEVRDIHGLDINMRIGVHSGNLFAGVIGEAKLQFDIWGLDVTIANVLESTGVPGCVHISGATLNNLDVNRFDIEDGPEEARDHPLLKKYRIRSYIIRQDLHMDDEDSDEFLGDLHSISLCNMGAQPRISDSANQSLRALFHEELREEFRKMPVSAFSPKRLLGICRFNTGKEVPAHQNLNICLTFTDPILERAYLKQTDYMYKYSIILSASVGCSLVYIELMDTQMICSSCFVLPASVATIQCILALIAWYKKYCWTRYGRNNVPHHYNGFSCFIFRIHDKILNSLPIRICIYLFLMISSFFVMCLIVMSCQREEFEMAYIEERLFHYEQEAHICFHPWVTTNMLSLMICLTFTFAHIPIMVKTAVAILETLAYLLLIFFQFDFVFHHSVTTNPYFKSEYAHALLICITFLIMFVKERQIEFTNKVNFNWRVDLRKEENAASLTNHSIIIILNNILPSHIVDVYLNSLAKHELYFENYRMVSVMFAMLINFEMDLRSLRVLNEIIAEFDTLLLFYKEYYTVEKIKIVGCTYMAACGLDLNFAGSTSTNRKESIPPTEFNEEQSRRILFQQSNEDLDEVVFVMTSYALDMMRTLAKSNEAYQSIAGDRNITDGTIAIGISSGEVMAGIVGASQPHYDIWGNPVNMASRMESTGLPGHIHVTEETSEILQQFGITCSYRGMTFVKGRGKIPTYLVGIDENLNFIPQKATRFPSHQERSTVISLQSTYTHAENNNSIASTSRHTLQSL,0,0,0
275,sp|Q0P8J7|GCDPH_CAMJE,MFIGITQRLICNDSYHEKRECLALDWGKLFNKDLFKNFTPLPLSYEIDFSYYKHLIKAVILSGGNDLSFYSPNVLSKKRDLYEKQVIEICLEEKIPLLGICRGAQMIAHYFNSHISPCENHIGKHEVFFSKEKFISNSFHNFAIEKLGEDLVELCLAKDNTIEAFKHKYENIFGIMWHIERENGLNNIQILKEWFSLIKE,0,0,0
276,sp|F5L9G2|DHPH_CALTT,MSTVTFDQISEHEQVMFCNDPHTGLKAIIAIHNTTLGPALGGCRMLPYKSEEEALTDVLRLSKGMTYKCVAADVDFGGGKAVIIGDPRKDKTPELFRAFGQFVQSLNGRFYTGTDMGTTPEDFVQAYKETSFIVGLPEEYGGNGDSSVTTAFGVMQGLRAVSQFLWGTDVLTERVFAVQGLGKVGFKVAEGLLKEGANVYVTDVDPETIAKLEEKAYQYPGHVQAVTADDIYGVGADVFVPCAIGGIINDETIERLKVKAVCGAANNQLLEDRHGKVLQAKNILYAPDYIVNAGGLIQVSDELYGPNKARVLKKTRALYDTLFEIFQSAEKKAVSTVEAANQFVEERLQKRARLNSFFSPDNPPKWRVRR,0,0,0
277,sp|C4N147|FABP1_DORPE,MAADLAGKWILESSENFDDYMKAVGVGMVMRKMANAATPTQEIKIDGDSWSIKTSTTFKTTDISFTIGQEFDETTGDGRKIKTTCKIDGNAMIQDQKGSPDSILSREVKDGKMHMILKVNDVVCTRIYKRVD,0,0,0
278,sp|A0A140LFM6|MNAR1_DANRE,MDAMPEYSLFLVRILEELDTKYSTVSYQDLCKSLCARFDLVHLAKLRSLLFYTACLDPAFPATLFKDKMRCSVEDQQSKKLMVAADIVTMFNLIQMNGGMAKDKLPMGPRPKFHKNQSFESCRSDTDVYKYNDNDRAYKLLDTRGHHVSRNSPKSDCNSCQQFIPTSDPNFLLGVTKDLKCRAASLDKLQHLPQYASVSPPPCEMQSTYFPMDIDSESTTDQESLHANPGIKDVYVSSGEPFTVHSCVQKRNIFKEDFHNLVAFSPHVITTECRANPKSGGNYHHRRELSKPPTFFNHSFELPYSNPYFEPVNSPLQNKGRVKHESLDDLQASTYFGPTTVSECVSNRRTSSKHGRQPAWPVKSLSLNTEEGPDFERSFLNGKVPKDNHRHNIGTMENDQHFQCAKDKPTASPSGFSKKSNGSKTKDMSSVACGPGIEKREVGRRYKDKSINCPSFQSSNVDNGMSVGTQTEQHESRKVKDYPSQNKFKERPPFKHSEEDSEIVSDNISDIFRFLDDMSVCESLGVVQPSCYNSNGSLSQVTKSDGDSSPERNTIKIGKTGIKLDRLFQSLENSDDELKESVCKLVLRIGEIEKKLESLSGVRGEISQVLSKLTRLDEKIQEPEVNGKSSDGGLVEQIKTDANLSPHVFQCHTTGHNMKVEKSPEWCCSEADGSESLRVKALKKSVFTRRSSRSLNEENSATESKVASITNSPRDWRTVSYSSHNGEEGKERDRHSEGKERHRKSREAERQYEAHQGHRSSKPPKDSYLVEQVFSPHHFPPTVKTHVKGSPLYTDLRLTGHADGKRSQPSWTIEEYKRNSGDKNKLSALDLQVQESLNPNNLEYWMEDIYTPGYDSLLKRKEAEFRRAKACKIGALIFAAACTVILVIVVPICTMKS,0,0,0
279,sp|Q78TU8|F107A_MOUSE,MYSEIQRERADIEGLMARPEYREWNSELIKPKKLLNPVKASRSHQELHRELLMNHKRGLGMDSKPELQRVLEHRRRNQLIKKKEEELEAKRMQCPFKQELLRRQQRLNQLENPPQRDEDHAPEFIKVRENLRRITTLTSEERAL,0,0,0
280,sp|Q6WP51|BOT3_BOTFU,MEKSNPTLDLATKTALLTWQKSNALLQHGIERATPFVLAVKSKAWQDAQSIGSKVAEAKFRDIDRTEITTITSVALGLYFAYVFCLVFYRLYLHPLAKFPGYRICAACEWYEFYCYIVKGGQWGNEIRKMHEKYGPIVRTSPWELSVRDPAFYDQLYVTASTRKTDMWPRGREGNGFDNSHHLSVSHELHRTRRKHLEPFFSRQGITRIESRIAERVMKMDDRLVGLKGSGSIIEVDHMLCALTGDIIGQVSSGMEAGLLDDPEFTPAWKDLMIKSTAIAPLFRCFPWINKFLQSLPTSIMNSVYPKGISNMMLGKTGQQNIEKIKTQIATSKRDLSDVSVFHHLLSSNVPESEKSIDRLRAESMILLLAGTLAGAHTLTFVVFYVLQNPQIEKRLRAELQPVFKGYPNKMPTWAELEKLPYLRGCVKEALRLNGLVGNLARCSPDEDIQFHQWVIPKKTPVGMSIYAMHFDQNVFSEPEAFKPERWIGEYNKQMDRNFVPFTKGSRSCLGVNLAWAELYLASAMLFRPGGPKLVLHDGGESDIKIARDYIMGFPKAGAKDVRVKIE,0,0,0
281,sp|D9N1A1|ACTS3_ALTAL,MTPLREPIAVIGSACRFPGGANSPHKLWELLRDPRDILREFPDDRLVLSKFYNGNANHHGSTNVRNRSYLLSEDIRAFDAPFFHINPREADGMDPAQRILLEAVYEALEAAGYTMEQMQGTHTSVFVGVMNSDWWDLQMRDTETIATHAATGTARSIVSNRISYVFDLKGVSMTIDTACSSSLVALHQAVQSLRSGESTAAIVGGANILLDPAMYIAESTLQMLSPESRSRMWDKSANGYARGEGCAAVFLKPLTRAIADGDHIECVIRETGVSSDGRTQGITMPSAAAQAALIKSTYRSAGLDPLADRCQYFECHGTGTPAGDPIEAQAIAEAFFSHSGEDAEIYVGSIKTVIGHLEGCAGLAGLLKASLAIQNRTIPANMLFNDLNPLIGPYYRNLKILQAAKPWPQDIHGPRRASVNSFGFGGTNAHVILESYEPEMQGTHVLQERSFHGPLTFSACSKSSLLATISNFTSYIKTNPAVDLQNLAWVLQRKRTEFPVKQHFSGSTHARLIESMEAYLQNAGSSGLHNTTIDTKLLYPSEIPRVLGIFTGQGAQWATMGKEFIQNSYLFRESIDRSEAALVALPDPPSWSLISELFATVETSRLNEAELSQPLCTAIQIAIVDLMFAAGVKLDAVVGHSSGEIAAAYASGIISAADAMAIAYYRGFHAKRSHGTGGKRGGMVAAELSYEAALQFCEKVEWAGRLVLAASNSPSSITLSGDLDAVQEAHAYFEKENIFSRLLRVDTAYHSHHMIPCAEPYLTSLKACNIQVSQARSDCIWISSVSGDVQSSSEEQGALTGEYWVDNMVKPVLFSQAVQCSIWNSGPFESIVEIGPHFALKGPTTQVMEAVLESSPPYLSFMRRGHGIETFSDGLGRLWSKLGPSSVDLTGYWKACSSSHIKFQMLKGLPAYAWDHDKVYWKEGRISRNHRLRKDVPHELLGRRTADDSDYELRWRNVLRLTEIPWIRGHKFQGQVLFPAAGYVTMALEASKALVGDRHVRLFELRDICIRKALVLEEDQSSLETVFSVKRLNADFGIHDENMDLLEAEFSCYVCADETVGTLEKTVSGRIIIHLGSGVDVKLPPAAHFCTDLSPVDLDRFYSTVEELGLSYQGLFKGLDHAERMLNHSHALAVWENHSMGAGSMVHPALLDVMFQAIFVASISPAAPSTLWTPYLPVSIDRIIVDPDHIPVYSHPEVRAHIQAYVTKSSASSIVGDIHLLDSNGIHNGIQVEGLSLKSVAEPTEENDRSIFSQTVWDTDIASGTDFLRDRKEDAQESKLIHAIERVALFHFRSLVEAITVEKAKTLAWHHQLFLKAVKANIETIRTGGNPVVRQEWLCDTRETIEDLRAQHPGQIDLNLMHAVSEKLISIVCGETQILEVMLQDDMLNDFYMRGRGFETMNNCIARAVQQIAHKHPRAKYLEIGAGTGGTTHRILDTIESAYTSYEYTDISSAFFEKASHKFDKHASKMVFKVLDIEKDVVDQGFENGAYDVVIAANVLHATRTLSGTMGHIRSLLKPGGYLIFMEVTGDQLRLLFLFGALPGWWLGAGEGRSLGPGVSTIAWDNILRNTGFSGVDDVFYDFPDRSRHTCSVMISQAVDDQLRLLRDPLAATGMPISEQVLIIGGDTSSVSQLAYDTKRLISPWASCVAINNIDGLDSRRLPSRFSVICLTELDKPLFSEIMSEQRLSNLQNLFATANVVFWITSGCNEGTPVANMMVGIGRALATELPHLTLQFLDVKTVERLKPSIVAQSFFRLVLAKPLVMAEKSMLWTTEPELVFDGDDILIPRVLPDKEMNNRFNAARRPISENLWKESTCIELSNADNSSAPALFEIKNTIRPGETTIDVKYSVCLGKRCTFVLGVVSGTSDTVLAISDTNASSVRISKEHVFFLPHDFSGNSATLLLDTANHVLAAKLLRCISPNSIALIYEPGVRLAAAIRHHAHENTVDVFPATSNREKCGEGWAFIHPHATERDIRTIIPRNTGCFINLSFKPPGALSRALLQQTIIHGPDCLSQIVSSADGFLLEAAFNWATTGLLSLDSVETVSVQSYVGTTRPSRDFPLVFDWTAPRLPVTVKPLEPKGLFLPDKTYLMIGMTGDLGRSLCRWMAEHGARYVVLTSRNAEVDSAWIESMAAIGATVKVYKMDVSNRKSVLGVYTTIKNSLPTIAGVCNAAMVLEDRLFANMTVGALSKVFEPKVEGSKVLDEIFHELNLDFFILFSSLTSILGNGGQSNYHAANLFMTSMCAQRRARGLAASVMHIGMVADIGYVARSDRHIENHLRKLQYHPMSETDMHYLFAEAVMSSRADHPGNWNIVSGIETFVDAPGVKLRPPHYHNPRFAHYVREENARKEDLRTDKTEKSVKELLEDAISEEDVTTVFQQAFLIKLERLTQLESHRIDANKSLLNLGVDSLSAVEIRNWFLQTVGVDIPVLKLLRGDTVSEISIDATKKYLAQRTS,0,0,0
282,sp|C9K7C4|AMT12_ALTAL,MSLLITSLAWGALLDPEVSSASKVALLDAVLEASTLLLRQNGSVRKFLALVAVLCLAEKTGSDNLPALILGSISTAASLSLHLETALRKSCVSNDQAVQTKRAMWILYCIDKSYALRWQTFSLVGDGSLPTTNPPDTALPSEVATTLSLEWLRIRSQYSKICSNILQLGVGAEGEPSENRSNRAVVLSAALEEWYGSVEISQMMLSLEHSDAVHMKLQTSYHYYEARFQLLSISLPDPRSSSPTGSQECREVLRRSIREVITGSNTITSEYLLQDCNHLFIQTLALSMLALDILLESDQGCGKENRALLSIVAGFFARVDIILPQSSIFEEVSNLIEILTYR,0,0,0
283,sp|A0A5B6|TVB28_HUMAN,MGIRLLCRVAFCFLAVGLVDVKVTQSSRYLVKRTGEKVFLECVQDMDHENMFWYRQDPGLGLRLIYFSYDVKMKEKGDIPEGYSVSREKKERFSLILESASTNQTSMYLCASSL,0,0,0
284,sp|A0A0K0K1C4|TVB27_HUMAN,MGPQLLGYVVLCLLGAGPLEAQVTQNPRYLITVTGKKLTVTCSQNMNHEYMSWYRQDPGLGLRQIYYSMNVEVTDKGDVPEGYKVSRKEKRNFPLILESPSPNQTSLYFCASSL,0,0,0
285,sp|Q9VM90|SBKH_DROME,MGTIEKRSFSFRLRRSFGDGGSTNSRNSNNNSSTCTNHNNQKRCSTPLTPTSTSTGRLEVPGAASVSRRSSIYKKPDKNDGGQIHLIPDVELPLMTFADQYNIEKTLAEGCFAKILLCRHRPTNTLVVLKAVHAELTTIKEFQKEFHYNYELSHHHHILSAYAVAFQTMDYYVFAMEHAPYGDLASNIGPNGLHENACKLISEQLSSALGFMHSKNLVHRDLKIENILVFTPDFTRVKLCDFGATTKKGLLVHKVKHTWTSCVPPEQLELIKNERFQCLPVSDSWQFGILLYNILTGNPPWQSADWVKDQSYANFMKYEQRKTTKVPDNFRRFSPRLMRCFRKYLSHDPEDRCKITEVAKYMKDRWVECRISTSKSATLISPTNHDQDSCIYLNQREGRLSGDENKLRFKRMMSTYGLDIPIDQAMVRRRVWDWLSTCDANFDPDVESLHALDLLQ,0,0,0
286,sp|Q91VU7|PUS7_MOUSE,MEMTSTSLKRGCLVVEDNDSVTPHDETKKQKVSEGCLTSSQDGVENDGLHRSENEPGPPEAESTVKDDENSSAQVQEEEEEEEEEDGLSEAGEEEEAESFADMMKHGLTELDVGICKFVSSHHGFSGILKERYSDFVVHEIGKDGRISHLDDLSVPVDEEDPPEDALTVLTAEDRQQLEELQLFKNKETSVAIEVIEDTKEKRTVIHQAIKSLFPGLETKTEDREGRKYIVAYHAAGKKALANPRKHSWPKSRGSYCHFVLYKENKDTMDAINVLSKYLRVKPNIFSYMGTKDKRAITVQEIAVLKISAQRLAHLNKCLMNLKLGNFSYQKTPLKLGALQGNHFTVVLRNITGTDEQVQQAMQSLRETGFINYYGMQRFGTTAVPTYQVGRAILQNSWTEVMDLILKPRSGAEKGYLVKCREEWAKTKDPASALKKLPVKRCVEGQLLRGLSRYGMKNIVSAFGIIPRNNRLMYIHSYQSYVWNTMVSRRIEEYGLRPVPGDLVLKGATPTYIEEDDVDNYSIHDVVMPLPGFDVIYPKHKISEAYREMLAADNLDIDNMRHTIRDYSLSGAYRRIIIRPQSVSWEVVAYDDPKIPLFNTDVDNLEGKPPPVFASEGKYRALKMDFSLPPSTYATMAIREVLKMDTSIKNQTQLNTSWLR,0,0,0
287,sp|L8EBJ9|MCIZ_BACSU,MKVHRMPKGVVLVGKAWEIRAKLKEYGRTFQYVKDWISKP,0,0,0
288,sp|L8EBJ6|SSCB_BACSU,MGEVFAGGFALLVVLFILLIIIGASWLY,0,0,0
289,sp|B8NI28|IMQK_ASPFN,MEPDTTRRSACDRCRGQKLRCVRLPGPAREDSPRSARSVNQPCERCKRAKVVCYTTKPVSRRLPQSYTRRRSTAYADDVMHSEVDLDEGMIGSNRLRDEPTIKRTPPAIADRLAHDPFPTELWSGLDISHASLDSSAVLSHVPDPGNMVESVAAQRANSNTLPSHQHGWPEDPHGALNYFEERAHDLPDVMSVSSPTDVRLGLDTVDRRPAAATSRTNQAIHSDTVNMHSQAPGSGETSERGLYSRASNTVADAAQLCTTQLSELNMRLMKDIESTTSFRQGMSAASDPNYPASGLGETSPSSSMVKFTNTMLANCQSFLDILQRLRSPTVELRGSSNSECSYGDLEYSSNEYSSSRSQSRNHSTSASSRSKDGRISAGGGLQSVLNSDTIGLSPSLDPIKADSSALDFSAFLSILSCYTHILRAYDALFTEILEMLMESSCIQLDLKIHNLVPEVSLGGFRLSGHGDLQIKCLLHMSFIILEKIESMLGVNAPEKDPYGSNGGLLNNSQLRGLLEALYHQKEFDYIRADGTRAARVKKTMKSIQRILDSI,0,0,0
290,sp|B8NI26|IMQI_ASPFN,MSSGEPTTMTPSPSERTPLLSNGSGGAADDGGTTVTISKPNDGVRRIADSLPLSVWLISTIELCERFAYFGTIAPMQNYIQNPRNDPLRPGGIGKTASTMIYPAV,0,0,0
291,sp|Q5BGU9|IVOB_EMENI,MHLLSSLAALAAAITVAFADVQQCNAENASVRKEWGSLTPDEQLGYIDAVWCLRSLPSRLPNEQYPGVQDRVDDFVATHINLTMVIHRNAPFLPWHRQYIHLWETALREECGYNGTVPYWNWTKNPDLYTNPVFDTTQSPETSLSLSGDGAYVAPSPTDPDPDPGLDFAPGRGGGCVLDGPFKDWPVRMGPFSAAQAYPYAPVPENAFAHNPRCLQRNLDVARIQYYNNPSVLESLLAAPSIAVFQDILDRTIPGTWQQAIGAHGGGHISVGPTLADVFASPQDPVFMLHHGFIDLLWDAWQRSGSDTGEGTDRMRALNGTTMYTNPPGAEEATLDTVMEFGVLGSPKKIGEVMDIRGGEYCYRYE,0,0,0
292,sp|Q2MJ19|C7A68_MEDTR,MELSWETKSAIILITVTFGLVYAWRVLNWMWLKPKKIEKLLREQGLQGNPYRLLLGDAKDYFVMQKKVQSKPMNLSDDIAPRVAPYIHHAVQTHGKKSFIWFGMKPWVILNEPEQIREVFNKMSEFPKVQYKFMKLITRGLVKLEGEKWSKHRRIINPAFHMEKLKIMTPTFLKSCNDLISNWEKMLSSNGSCEMDVWPSLQSLTSDVIARSSFGSSYEEGRKVFQLQIEQGELIMKNLMKSLIPLWRFLPTADHRKINENEKQIETTLKNIINKREKAIKAGEATENDLLGLLLESNHREIKEHGNVKNMGLSLEEVVGECRLFHVAGQETTSDLLVWTMVLLSRYPDWQERARKEVLEIFGNEKPDFDGLNKLKIMAMILYEVLRLYPPVTGVARKVENDIKLGDLTLYAGMEVYMPIVLIHHDCELWGDDAKIFNPERFSGGISKATNGRFSYFPFGAGPRICIGQNFSLLEAKMAMALILKNFSFELSQTYAHAPSVVLSVQPQHGAHVILRKIKT,0,0,0
293,sp|W0T9X4|ATG1_KLUMD,MSSESHGKAVAKAIRLPTENYTVEKEIGKGSFAIVYKGVSLRDGRNIAIKAVSRSKLKNKKLLENLEVEIAILKKIKHPHIVGLIDCERTSTDFYLIMEYCALGDLTFFIKKRRSLVMKHPLIKTVFDLYPPPSAEHNGLNRVLVVNYLQQLSSALKFLRSKNLVHRDIKPQNLLLCTPLQDYSDPKTFHEMGFIGIYNLPVLKIADFGFARFLPNTSLAETLCGSPLYMAPEILNYQKYNAKADLWSVGTVLYEMCCGRPPFKASNHLELFQKIKKANDEVTVPSNCYIEPKIFKLIKGLLTFDPEARMGFNEFFNNEVVTEDLSRYEASYEPDLESKSKDVAESNMFVSEYLVRPAAQEKANGGLRTDEGSAMPGAEHTYNKEREHYRERQDLQGQQQQQQQHPDSPPRGSTQGYQSSAGQTRMKSSYNDLILEKEYVVVEKKTVEVNSLADDFANNGPTTNNQGAQIIKPLRYRTSSSSDGHGGRRASLVERRLSISSLSPSNALSKALGLASVRLFGYQQPNTQTTSTSTHPTLLNPQIFHELTENAVLRADHHLNLFNEQISDSNITPFVESLSAKAFVMYSFAEMKFSQILPSPPSSTDYYSQSDKRLSNGSCAIDDDDDLDSGNPSSNQTLTPGANKVSAANVDNLIPAPELKKLCMESLLLYLKSLTILASSMKLTSKWWYENESKNCTLKLNILVQWIRDRFNECLDKAEFLRLKLHTLNQSEDPQVLDDEPTIFVEKLIYDRALDISRNAARLEMEGGNYNTCELAYATSLWMLEILLDEHLSSNEVYDDGYSSNITSLDESDKEMIRKYVSSIANRLKALKSKMS,0,0,0
294,sp|I1RXT2|SNX4_GIBZE,MTATEQQQDDFSNVSWSEHVHDQQTRSVPDAEEPGHDMNAPGTGLERDAPSLGNEKLECTVDTPIKENDGTKDAFVSYLITTHSTFSSFQRSTTTVRRRFTDFVFLYKQLTRDYPAAAVPPLPDKQRMEYVRGDRFGSDFTTRRANSLQRFLSRLSLHPTLRRAPILHTFLESPDWNATMRSRGSRVSSASDPGSAGVFDNFADTFINAFTKLHRPDRRFLEVKEKSDKLDDDLGHIEKVIARVARREADLEVDLRDLAEQFQKLIPLEPHVEPAVHGFSASIEDTASHLRKLKDMTDQDYLGSLRDMQAYSIALKNLLKAREQKQLDYEQLTEYLNKSTTERDTLQSGHGGGSGAGSFLRAKIEDVRGVDHEQARRERTRKLELRVEELTHEVESARKTSDMFDDEVVKEVADFERIKRIEMKAQLGSLADSHIEFYGEVASIWEKYVEEMEKQGITSA,0,0,0
295,sp|A0A0K0K1G6|TVBJ3_HUMAN,MGTRLFFYVALCLLWTGHMDAGITQSPRHKVTETGTPVTLRCHQTENHRYMYWYRQDPGHGLRLIHYSYGVKDTDKGEVSDGYSVSRSKTEDFLLTLESATSSQTSVYFCAISE,0,0,0
296,sp|A0A0E0RMV2|ATG10_GIBZE,MSIENFPSLNSEEFTEACHHLDRQYCQAPLGSERARWKLRLCNALCTDFSYGGGFTTYVQIRRPLEFDLDHGDLSLDLDGFSFSDEKGPHVSIAEDKDMLDAEEADEAALIRQRARPEIAMVEYEIHLHPTYRVPCLWFTLRNLPADEPAFDVDTVFRRLVPDEYKAGLRTLGNVGGISADHHPITGVPSFFVHPCLLGDAISKFECDRTNYLMIWLGLVGGCVGLWVPKEMAMQ,0,0,0
297,sp|O49328|RLP26_ARATH,MRLHFCSLLLLYCIVFVSSFLTTDALACLPDQIQALIQFKNEFESDGCNRSDYLNGVQCDNTTGAVTKLQLPSGCFTGTLKPNSSLFELHQLRYLNLSHNNFTSSSLPSEFSNLTRLEVLSLASSSFTGQVPSSISNLILLTHLNLSHNELTGSFPPVRNLTKLSFLDLSYNQFSGAIPFDLLPTLPFLSYLDLKKNHLTGSIDVPNSSSSSKLVRLSLGFNQFEGKIIEPISKLINLNHLELASLNISHPIDLRVFAPLKSLLVFDIRQNRLLPASLSSDSEFPLSLISLILIQCDIIEFPNIFKTLQNLEHIDISNNLIKGKVPEWFWKLPRLSIANLVNNSLTGFEGSSEVLLNSSVQLLDFAYNSMTGAFPTPPLGSIYLSAWNNSFTGNIPLSICNRSSLIVLDLSYNKFTGPIPQCLSNLKVVNLRKNSLEGSIPDEFHSGAKTQTLDVGYNRLTGKLPKSLLNCSSLRFLSVDNNRIEDTFPFWLKALPNLHVLTLRSNRFFGHLSPPDRGPLAFPELRILELSDNSFTGSLPPNFFVNWKASSPKINEDGRIYMGDYKNAYYIYEDTMDLQYKGLFMEQGKVLTFYSTIDFSGNKLEGQIPESIGLLKELIALNLSNNAFTGHIPMSLANVTELESLDLSRNQLSGNIPRELGSLSFLAYISVAHNQLKGEIPQGPQFSGQAESSFEGNVGLCGLPLQGSCVAPPTKYPKEEDEEEEEDEVIEWKAVFFGYWPGLLLGLVMAHVIASFKPKWFVKILGPAKGKQVDPVRLFMNLDSRWDSFNNKDTVEEEVI,0,0,0
298,sp|D2KKB4|TOXPH_AMAPH,RVFHLFDYPPLNTGDLQLKAKIKPFIFTSNNSFLSYNDVTVKHNDVPAGDPFKASAVIKDTNPNPYIAAGVTAILNDVLGRFAVPLMNDLKTGKTDGWDLMMKYDKHSTRSYMALAYTPSDHLNLPKKPLPTDVINWLETFDK,0,0,0
299,sp|A8W7N8|MSD10_AMABI,MSDINATRLPGAYPPVPMPCVGDADNFTLTRGENLC,0,0,0
300,sp|C8WJW0|3BHD1_EGGLE,MYDDLKGKTVVVTGSSKGLGAAMARRFGAEGMNVVANYRSDEEGARETVRAIEEAGGAAAAVQADVSKNECVDALFDAAMFSFGGVDIWVNNAGIEVASPSDRKSIEEWQRVIDVNLTGVFAGCRRAIDHFLDRKMPGVIINLSSVHEIIPWPHFADYAASKAGVGMLTKTLALEYADRGIRVNAIAPGAMNTPINAEKFADPEARAATERLIPMGYVGAPEDVAAAAAWLASDQASYVTGTTLFVDGGMTLYPGFQFGQG,0,0,0
301,sp|Q9U3D6|ADR1_CAEEL,MDQNPNYNFGYGQAYGSGTDHTSDSTNNYNWASQWSQPESAASLATHTFPQYVSQQQQQQQQQAQQQAQNTYAAMNPISTFMQQQQRAQTFPQKKYGQQGGAPKPSAIRNNNFGAFGGGHALSQEWVQPMSQNQMGGPQGNRFFNNQKGGPFNQNKPNWRQNKPKGPAAPKKFDSTGKSPAMLLHELFKDVSEEYTEVEGVPKKYCCTLKVNGRTFQMESVNKKAAKQKCSELVVRDLRPDVHVTPFEEGVAAKAAAPVKKEIDAASGNGQNNKRNLLQADAISNQPTPKKVSAVKKAKLQLTPVESALSLLDLMQKIIAESAEKYSPVFEASEVPKDPEIPEVEVKKEEVDTNGENVANEKKSGWRKNETMHNVTLKFVEQNKQYTKMGPSRGVLKDMVIREALRDLFNVSHADITTVARRHASNRLGHDTTILQCLNTICSILNCTLTIECEPAEDRPLGIGRAYFMAKCTIIDHNENDLKFEVKSSSLASKAMAKDWVAQETLKNYFAIDPSSCVKTDAVSSQGPCALLHAMLNKQTKQKCKIAYEFKDNVPPVAGQATTTFYCECVIDETDRYIGVGRSKKLAKSEAAMQALKKLFKIDYDPAGNYPLALTSRAMTESKVSPLCRHIAEFCKREYHQMTEYYQIPPSNLFAAFLLVNAQEEKRVLAMGSSIQYIVEPDTLSGANGTSLLHLDAIILARRAMLKAFIHELSTVDSECSIFEKKEEGKAALKPNLRLVLYSNYSPPCIHAVDDAATKKLSYVTPTNLTCVPDDVLTYEQIKETKSLRVHCTADKLFKWNTLGIQGALLSNVLHPIFIDNIFFGSEAPVSDESLSYALQGRLGPNENEREIIVESMPVQMRMHMGISHLWHRGVDSVETLDYNTGRTSKGSPSRVCKAEIFEAYRKLNGVDQAVVNYAKAKEMASEYQYEKKVFYEKLEAAGLGKWQTKPAELVDSFTLAAFD,0,0,0
302,sp|Q9SN78|MYB94_ARATH,MGRPPCCDKIGVKKGPWTPEEDIILVSYIQEHGPGNWRSVPTHTGLRRCSKSCRLRWTNYLRPGIKRGNFTEHEEKMILHLQALLGNRWAAIASYLPERTDNDIKNYWNTHLKKKLKKMNDSCDSTINNGLDNKDFSISNKNTTSHQSSNSSKGQWERRLQTDINMAKQALCDALSIDKPQNPTNFSIPDLGYGPSSSSSSTTTTTTTTRNTNPYPSGVYASSAENIARLLQNFMKDTPKTSVPLPVAATEMAITTAASSPSTTEGDGEGIDHSLFSFNSIDEAEEKPKLIDHDINGLITQGSLSLFEKWLFDEQSHDMIINNMSLEGQEVLF,0,0,0
303,sp|G5E8I7|U17LC_MOUSE,MVVSLSFPEADPALSSPGAQQLHQDEAQVVVELTANDKPSLSWECPQGPGCGLQNTGNSCYLNAALQCLTHTPPLADYMLSQEYSQTCCSPEGCKMCAMEAHVTQSLLHSHSGDVMKPSQILTSAFHKHQQEDAHEFLMFTLETMHESCLQVHRQSEPTSEDSSPIHDIFGGLWRSQIKCLHCQGTSDTYDRFLDVPLDISSAQSVNQALWDTEKSEELRGENAYYCGRCRQKMPASKTLHIHSAPKVLLLVLKRFSAFMGNKLDRKVSYPEFLDLKPYLSQPTGGPLPYALYAVLVHEGATCHSGHYFSYVKARHGAWYKMDDTKVTSCDVTSVLNENAYVLFYVQQTDLKQVSIDMPEGRVHEVLDPEYQLKKSRRKKHKKKSPCTEDAGEPCKNREKRATKETSLGEGKVLQEKNHKKAGQKHENTKLVPQEQNHQKLGQKHRINEILPQEQNHQKAGQSLRNTEGELDLPADAIVIHLLRSTENWGRDAPDKENQPWHNADRLLTSQDPVNTGQLCRQEGRRRSKKGKNKNKQGQRLLLVC,0,0,0
304,sp|C5H881|RADH_CHACV,MSIPKSCEVLVAGGGPAGSYAASALAREGVDVVLLEADKHPRYHIGESMLPSIRPLLRFIDLEETFEKHGFQKKLGAAFKLTAKREGYTDFVAAHGPNGYSWNVVRSESDELLFKHAAKSGALTFQGVKVDSLEFEPYDSDFPSGGKVANPGRPVAARWSAKDGRSGTISFQYLVDATGRAGITSTKYLKNRKFNEGLKNLAIWGYYKGARPWAEGTPRENQPYFEGMRDGAGWCWTIPLHNGTVSVGAVLRSDLFFAKKKSLGEDVTNAMIMAECMKLCPTIKELLEPAELVSDIKQATDYSYSASAYAGPYFRIVGDAGCFIDPFFSSGHHLAMAGALAAAVSIRASMKGDCSEYEASNWHARKVDEGYTLFLLVVMAALKQIRMQEEPVLSDIDDDGFDRAFQFLKPVIQGSGSAEIVKRFTKKEVSEAIDFAVLALDNMAGAGEHANETNGSNGTGETNGDAKTLENITVEDEKVLSGIRILAKVAPSADMKDLEGTAIDGFMPRLEHGHLGLNRV,0,0,0
305,sp|A0QTU7|MIMR_MYCS2,MVRHADTPTDAQRAREQFLSTGALQPDAVASSVLNSWQRSRELHVHPDRVELPYVRDPDTDTPLMHAAAPVLRRMAEDLSDQSVSVVLTSADGLVLDRVAADTEFERVLDDVRLARGYSYAEEFAGTNGIGTALETGRPAFIRGSEHYVGTLGGLACAGSPIREPVTRRILGVIDLTCRARQADPLLFVLAKSAGSQIEDRLRTMNNETETALLDAYLKQSRRYPGGVLAIGGDVVLMNRYLRQALDAADQTVLLDHAAELTRSSFTSTTVAHLPSGASVKISAAERIIVGVRSDSVVFHVSVHVAESIPVRSSQHIPRLAGQSSSFRRSAQQVERCYRDREWVVIEGERGSGRTYLGYSVVHFVTPERSIPVLHIDNFDTPESFVAAFESETDSADFAVIVSDVDELPDEVLNPMAAIMQTRAGRGWIAATTSTERDSQLVDLLMLPFFTHTVTVPALRHRIEDLQELVPMILNELSRGEARMDGEAMRQLAKLPWPGNIAQLRHVLTETVRRQRSGVIGVDKLPAECRSVTRRKLTPLEAMERDAIVRSLLENDGNKADAAAALGMSRATIYRKIKDFGIA,0,0,0
306,sp|Q82W83|PETC_NITEU,MRMIKFLLLAILLAPFVAHSSGQEVKLDKAPIDRADKESLQRGAKGFVEYCLTCHGANFMRFNRHHDIGMSEDDIRADLIHTGQKTGDLMEAAMRKKEAEGWFGVVPPDLSVIARARGADWLYTYLRTFYQDTSTYSGWNNLIFDKVAMPHVLHHLQGWQVLEPGTGNLVQTKPGTMTKEEYDRFVADLVNYMVYLGEPHAPYRRELGITVLLFLFGMLGLTYLLKKEYWRDIH,0,0,0
307,sp|A2RNZ6|LYSP_LACLM,MRVSLSLTSRCRINFIRERILENSSNSTTETQVKRALKSRHVSMIALGGTIGTGLFLTSGDVIHTAGPFGALTAYVLIGAMVYFLMTSLGEMATYLPTSGSFSDYGTRYVDPAFGFALGWNYWLNWAITVAVDLTAVALCIKFWLPDVPSWIFSLIALIIVFSINALSVKTFGETEYWLSAIKITVVVLFLIIGFLSIFGIMGGHIDVAKNLSVGNHGFVGGLGSFTTGGGILGVLLVAGFSFQGTELLGITAGEAENPEKSIPKAMNSIFWRILVFYILSIFVMAAIIPFTDPHLVGGNSAAQSPFTIVFERVGFSIAASIMNAVVLTSVVSAANSGMYASTRMLYSLAKDGGAPKIFSKTSKNGIPFIALLATTAVALLTFLTSIYGVSFFTLLVSASGLTGFIAWIGIAISHFRFRRAYVAQGKDVKKLPYHAKLFPFGPILALIMTVLVTLGQDPMLLFGKTWVQGVVMYAAIPLFFILYLGYKFKNKTKLIPLKDVDLSRHKD,0,0,0
308,sp|Q10A77|TIC62_ORYSJ,MEQAAKATISLSPPSYAGCCMAACPYRSTRHLRRGGGCSARSISSLRHAPSARVYAAAAAAATPESKSTKENDLVFIAGATGKVGSRAVREFIKLGFRVRAGVRSAQRASSLVQSVEQLKVDDDATSPAERLEIVECDLEKQAQSDIVSAIGNAAIVVCSIGASEKDILDVTGPYRIDYMATNNLVQAATAAKVEHFILVTSLGTNRIGFPAFLLNLFWGVLCWKRRAEEALIGSGLPYTIVRPGGMERPTDAFKETHNLVVAVEDTYVGGLVSNLQVAELIACIASNRRTAYCKVVEAIAETTAPLLPTEDQLANIPSKRQPPPEPEVVQQGETPPKPIQQSQRPLSPYTAFVDLKPPSSPSPCPPSAAAPAPTSTDTAAAGSSSTLNSSATGTPISVDQPKQQQRPLSPYTRYEELKPPSSPSPTPPSAASSASVSASPDTPPAAAASSAALDSSANGTPITGDQLNQQQSPLSPYTRYEELKPPSSPTPSTPKL,0,0,0
309,sp|Q9FN15|GLD27_ARATH,MLRLIVNYPLIPKISHRVCSNSSSKLGSYYDSSSIIKYGGISDVVGKKQELFLSVSVKAVEDKGNNGGGSMSFSGQSWDPSSEIEVPSDQRPVNEYSSLKEGMLYSWGELGPSEFFIRLGGLWLVTFTVLGVPVAAASFNPSREPLRFILAAGTGTLFLVSLIVLRIYLGWSYVGDRLLSAVIPYEESGWYDGQMWVKPPEVLARDRLLGSYKVKPVIKMLKQTLIGTGALLVSAFVLFVFATPVEDFFKTTLGSTENQPEVSISRTSNKFNIRKEQLLRLPVDVVTDDDLAAAAAEAADGRPVYCRDRYYRALAGGQYCKWEDLVK,0,0,0
310,sp|P0DPB1|PSIT1_PSICU,MNPTTATDAHERTSLLSGRPQSAANSTAPYERQVQPSRKSQCFTPVTVITIITLIYRLATTMVITTNIRVLHTVACQLWYHVNDPDVFPGGNIPEKYCALPGVDKYYAIMVSMTTVIDGLGGILGTGIASYMSSRFGRKPVLMFLLSCTMIDHLAILTVQNVYGWKQLVTFGLIMIVETIGNENTTVFLVSMYVVDVTEAERRTAALSSITGWLVLGGALAYSIGGSITTFLHSNSAVYIVSFSVTGIVLTFTAFVLPESFPAEKRDLLRLERLAETRGHSQSWTQKIKAVATVALEPMELLKPTFNPITGKANWRLVYCALHSFIVTLADAYALPAMLIFFTTQYSYTPAQMGYVMTTYSVSSVFVLAIALPLFIRWFKPLYNNTQTKSVPDEGDGLRATDSGEAGVHTQEVVVSETSDRMDVHITVISWTIESLAYIVLGTVGSFYAQLLGRPLPLLALDLDAFQEFEA,0,0,0
311,sp|M0Y4P1|UGT13_HORVV,METTVTAVSGTTSSSVGHGAGGGAARVLLLPSPGAQGHTNPMLQLGRRLAYHGLRPTLVATRYVLSTTPAPGAPFDVAAISDGFDAGGMALCPDPAEYFSRLEAVGSETLRELLLSEARAGRPVRVLVYDAHLAWARRVAQASGVAAAAFFSQPCSVDVVYGELWAGRLALPATDGRALLARGVLGVELGLEDMPPFAAVPESQPAFLQVSVGQFEGLDYADDVLVNSFRDIEPKEVEYMELTWRAKMVGPTLPSYYLGDGRLPSNKSYGFDLFNSDVECMDWLEKQMNSSVVLVSYGTVSNYDATQLEELGNGLCNSSKPFLWVVRSNEEHKLSEELKEKCGKIGLIVSWCPQLEVLAHRAIGCFVTHCGWNSTLEALVNGVPFVGIPHWADQPTIAKYVESAWGMGVRARKNKNGCLKKEEVERCIREVMDGERKDEYKKNAMNWMQKAKEAMQEGGSSDKHVAEFATKYSSI,0,0,0
312,sp|F4KF16|OFT38_ARATH,MVKHRNSSRSIISYSSSIARFFSRKAISLYLIFVFAFTIWVLVFSSRNIQTDDDHTKHQQQHHRDLIDSESFPPPYLPPRKNLQKPYENTQLWTPPFSFGLHPCVKPTPKYKEFSESDHYITVKSNGGLNQMRTGIADIVAVAHIMNATLVIPELDKRSFWQDSSVFSDIFDEEQFIKSLRRDVKVIKKLPKEVESLPRARKHFTSWSSVGYYEEMTHLWKEYKVIHVAKSDSRLANNDLPIDVQRLRCRVLYRGLCFSPAIESLGQKLVERLKSRAGRYIALHLRYEKDMLAFTGCTYGLTDAESEELRVMRESTSHWKIKSINSTEQREEGLCPLTPKEVGIFLKGLGYSQSTVIYIAAGEIYGGDDRLSELKSRFPNLVFKETLAGNEELKGFTGHATKTAALDYIISVESDVFVPSHSGNMARAVEGHRRFLGHRRTITPDRKGLVKLFVKMERGQLKEGPKLSNFVNQMHKDRQGAPRRRKGPTQGIKGRARFRTEEAFYENPYPECICSSKEHKEP,0,0,0
313,sp|C0HL29|CYPLC_PSYLE,GDLPVCGETCFGGTCNTPGCVCAWPVCTR,0,1,0
314,sp|Q32ZD7|POLG_ILHV,MSKKPGKSAAKRTVNMLKRLASVSPSRGRRTIRRMLDVRGAPRLILALMAFFRFAAIKPTLGLKKRWRSVNKTVAVKHLTNFKKELTTMLDSVNKRKEKKKSFSTALLWITMITAVAGLKISSHRDRPLLMVNKTDVSDAIPVPSVKGTNMCTIRALDVGYTCAYDTTYECPHLEVTMDPEDIDCWCTLESVYVNYGLCKQNHHVRRGRRAINIPHHGESHLENRATPWMDTTKTTKYLTKVENWVIRNPGYALVALATAWMLGSNTPQRVVFMIMMMLIAPAYSLNCLGISNRDFVEGLSGGTWVDIVLEGGSCVTVMAKDKPTLDIKLIRMEAKDLATVRSYCYQATVTDSSTEARCPTMGEAHNSKSLDASYVCKSSYVDRGWGNGCGLFGKGSIQTCVKFSCPGKATGKSIQRENLNYDVAVYVHGPISAAAHGNYTAQLTGKYAAKFSITPSAPTYTANLGEYGEATMECEPRAALDIDNYYVMSLNNKHWLVNRDWFHDLDLPWTGPATESWKNRESLIEFEEPHATRQTVVALGNQEGALHTALAGAIPVEVSSTTLTLNSGHLKCRLKLDKLKIKGTTYAMCKGTFAFAQTPVDTGHGTIVAELTYTGTDGPCKIPISMTADLRDMTPIGRLVTVNPIIPSSAKSQKILVELEPPFGSSFILVGQENNQIKYQWHKTGSTIGNALKTTWKGAQRFAVLGDTAWDFGSVGGIFNSIGKTIHGVFGTAFRSLFGGMSWVTQALMGALLLWLGISARERTVSLIMLSVGGILLFLAVNVHADTGCAIDMARRELKCGSGIFIHNDVETWRNNYKYHPLTPRGFAKVIQMSKDKGVCGIRSVGRLEHEMWEAIAPELNAIFEDNGVDLSVVVKGQTGIYKRAPKRLTETKDEMSFGWKNWGKSFIFSTETANSTFIVDGPESKECPTSDRAWNSLELEDFGFGIISTKIFLKVNEQRGNSCDSAVIGTAVKGNEAVHSDLGFWIQSTKNESWQLERAVLGEVKSCTWPESHTLWGDGVEESDLIIPITLAGPKSHHNMRPGYKTQTKGPWHEETPLVIEFAECPGTTVTQEESCGGRGPSIRTTTASGRTIRNWCCKNCTLPPLRFMAGENCWYGVEVRPKRENEETLIKSKVSAGNGQTIEPFQLGILMAFVFTQEVLRRRWTANLALPTSALLMACFIFGGFTYLDLFRYFILVGAAFAEANSGGDVVHLAMIAAFNIQPVALVTTFFRKNWTNRENMILIIAAACTQMACMELKIELFHVMNSLSLAWMILKALTTGTTSTLAMPFLAALSPPMNWLGLDVVRCLLIMAGVAALISERRESLAKKKGALLISAALALTGAFSPLVLQGALMFTQSLGKRGWPASEVLTAVGMTFALAGSVARLDGGTMAIPLATMAILAVAYVLSGKSTDMWLERCADISWINEAEITGTSPRLDVELDSNGDFKMINDPGVPMWMWTCRMGLMAMAAYNPVLIPVSMAGYWMTVKIHKRGGVMWDVPAPKQFGKTELKPGVYRVMTMGILGRYQSGVGVMWDGVFHTMWHVTQGAALRNGEGRLNPTWGSVRDDLISYGGKWKLSATWNGSEEVQMIAVEPGKAAKNYQTKPGVFKTPAGEIGAITLDFPKGTSGSPIINKAGEITGLYGNGIVLERGAYVSAITQGERQEEETPEAFTPDMLKKRRLTILDLHPGAGKTRRVIPQIVRECVKARLRTVILVPTRVVAAEMAEALRGLPIRYQTSAVKAEHSGNEIVDAMRHATLTQRLLTPAKVPNYNVFVMDEAHFTDPASIAARGYISTKVELGEAAAIFMTATPPGTTDPFPDSNAPIIDQEAEIPDRAWNSGFEWITEYTGKTVWFVPSVRMGNEIAMCLTKAGKKVIQLNRKSYDSEYQKCKGNDWDFVITTDISEMGANFGAHRVIDSRKCVKPVILDGDDRVLMNGPAPITPASAAQRRGRIGRDPTQSGDEYFYGGPTTTDDTGHAHWIEAKILLDNIQLQNGLVAQLYGPERDKVFTTDGEYRLRSEQKKNFVEFLRTGDLPVWLSYKVAEAGYAYTDRRWCFDGPANNTILEVRGDPEVWTRQGEKRILRPRWSDARVYCDNQALRSFKEFAAGKRSAGSVMEVMGRMPDYFWTKTLNAADNLYVLATANKGGRAHQAALEELPDTVETILLMTMMCVASLGMFTLMVHRRGLGKTGLGTLVLATVTVLLWISDVPAPKIAGVLLIAFLLMIVLIPEPEKQRSQTDNHLAIFLVCVLLLIGAVSANEMGWLETTKKDIGKLFRSSGDTQEQSTWQSWAPEVRAATAWAGYAGLTVFLTPLFRHLITTQYVSFSLTAITAQASALFGLSAGYPFVGIDLAVGFLLLGCYGQYNLPTAVATGLLLLAHYGYMIPGWQAEAMRAAQKRTAAGVMKNAVVDGIVATDIPEVDTATPITEKKLGQILLILLCGASLLVKFDTMVLVEAGVLTTSAMATLIEGNANTVWNSTVAVGVCHLMRGAWLAGPSIGWTIVRNLENPKLKRGGGSAPTLGEIWKAQLNQLTREEFMAYRRDGILEVDRTQARRARQSGITTGGHPVSRGTAKLRWMVERGFVRPIGKVVDLGCGRGGWSYYCATLRHVQEVRGYTKGGPGHEEPVMMQSYGWNIVTMKSGVDVFYKPTESCDTLLCDIGESSSSVGVEEARTLRVLDMVEPWLRAANSFCIKVLCPYTPKVIERLERLQRAYGGGLVRVPLSRNSTHEMYWVSGASSNIINAVTVTSQILVQRMNKGCRHGPRYEEDVCLGSGTRAVATQASPSDHTKIKHRLERLRKEFSATWHIDLEHPYRTWHYHGSYEVQPTGSANSMVNGVVRLLSKPWDAITSVVTMAMTDTTPFGQQRVFKEKVDTRAPDPAVGVAQALDITTGWLWTFLARSKKPRMCTREEFIAKVNSNAALGAVFDEQNQWSTAREAVEDPAFWNLVDEERKAHLAGRCETCIYNMMGKREKKLGEFGKAKGSRAIWYMWLGARFLEFEALGFLNEDHWMSRENSLGGVEGQGLQKLGYILRDISHLEGGNMFADDTAGWDTRITRADLENEAKVMNMMDGEHKQLAKAIIELTYRHKVVKVMRPARGGKTVMDIISREDQRGSGQVVTYALNTFTNLAAQLVRCMEGEELLTESDVHGLSPKKKQAVRNWLIQNGRERLSRMAVSGDDCVVKPIDDRFASALHFLNGMAKIRKDTQEWKPSVGWSNWQEVPFGSHHFNELLMKDGRTIVVPCRSQDELVGRARVSPGSGWSLRETACLSKAYAQMWLLMYFHRRDLRLMANAICSAVPVDWVPTGRTTWSIHGKGEWMTTEDMLQVWNRVWIEDNEHMEDKTPITSWTDIPYIGKREDQWCGSLIGTRQRATWAENIYTPIMQIRNLIGDEKYVDCMVSQHRFETPSPVLFTGAI,0,0,0
315,sp|A1A6M1|PTAC5_ARATH,MASSSLPLSLPFPLRSLTSTTRSLPFQCSPLFFSIPSSIVCFSTQNPDREEVRWLREEQRWIREEQRWIREEQRWIRERESLLQEISDLQLRIQSLESRNSQLGNSIPDTISNIAALLQVLKEKNRISESGLSATPMVLESTREQIVEEVEEEEKRVIIAEEKVRVSEPVKKIKRRILKVGSEGDDVQALQEALLKLGFYSGEEDMEFSSFSSGTASAVKTWQASLGVREDGVMTAELLQRLFMDEDVETDKDEASTMKKEEAGNGAVFTSVTQVPEKKQSIVKDQSDREVDVTQNRVFLLGENRWEDPSRLIGRNKPVDRSESTNTKTRCITCRGEGRLMCLECDGTGEPNIEPQFMEWVGEDTKCPYCEGLGYTVCDVCDGKKNL,0,0,0
316,sp|S4W887|EQX3_FUSHE,MSNVTVSVFTLDKSISEEPVLPSSFIPSSGNVFPKFTSAIPKTAWELWYFDGISKDDRSSIVIGVTRNAEGLKHGGFKVQVFVIWADERTWHRDLFFPESVVSIDESGATEGIWKHATSSSSISFSCAGDLSKASLVFDVPGIVQGDMHLEALPGDTGLDTDATLGPSVYYVRPLGRASVKAQLSLYSSDATAAEQFILGTSANGGMDRVWSPLSWPQVMTESYYLRAQVGPYAMQIMRIFPPKGSENSENQPSTMARLYREGQLICAPQHVVTRDDALITHDSLILSKQNTSDSGDAVTGEYRDKNTGYTVEFVGKGNEEQRWEFQVRHERIIWNTPTSRPGPDATGNTGFVERLYGGTIGESYEGVGTGGQCELS,0,0,0
317,sp|Q1Q0T3|HZSG_KUEST,MAREMRLGGKERMKTGVVKIGLVAALGVVGLISAGGVYAGQPRVISTIQTGATWEPLGREEPLTVPEVHFRVKHSPFKSELVRYGQFQFNDAAWSLQGSYSCASCHYERGQTTGLIWDLGDEGWGSWKNTKYIRGGRYLPPFRHEGFTGHPDEIVGATSSLDRVCGRDPGFVFRSENFSPMRLEALICYIRALEFTGSPFRNADGSLTEAQKRGQKIFEDPKVGCLECHPGDPMDPRALFSDAQTHDVGTGRVGVNGFRSTPGKVFNISALEAGEDPYGVESNTPIIGLDLVKEFDTPTLRDIYASGTYFHDGGARTLMDTINNTVNDKDMHGRTSHLKQQELQDLVEYLKAL,0,0,0
318,sp|O45348|MIG18_CAEEL,MTFTLRLLVLCTVYSYVISQCDDNGVIYTNGDKWIRNNHFLVTCRDGNIQTLKCVTDSGHLLEVGSKSYVENGYEYMCAREVTDNLNTNTCPTFADFSDDIFKDRFAICCISRRFKGCVDANGDIVKSGFFVIGNKSLKYCRIQANQLQARIEPKGCFNGTEKDDVNDEELHIKKYAVWREGDIEYRCGDDGVHIQRCFPPELKKKAIWAGTAWIQEDGQVKTCGKIN,0,0,0
319,sp|C0HKY0|APD3_PIMDI,GKPSRPRPAPIQPRPPHPRL,0,0,0
320,sp|Q67VR7|ANS2_ORYSJ,MTDVELRVEALSLSDVSAIPPEYVRLEEERTDLGDALEVARAASDDADAARIPVVDISAFDGDGRRACVEAVRAAAEEWGVMHIAGHGLPGDVLDRLRAAGEAFFALPIAEKEAYANDPAAGRLQGYGSKLAANASGKREWEDYLFHLVHPDHLADHSLWPANPPEYVPVSRDFGGRVRTLASKLLAILSLGLGLPEETLERRLRRHDQHGVDDDLLLQLKINYYPRCPRPDLAVGVEAHTDVSALSFILHNGVPGLQAHHAGTWVTARSEQGTIVVHVGDALEILTNGRYTSVLHRSLVSRDAVRVSWVVFCEPPPESVLLQPLPELLANGAGKPLFAPRTFKQHVQRKLFKKLKDQQDNNAAAASNGIIPK,0,0,0
321,sp|P0DP67|YAFV_YEREN,MSTLKLTLLQQPLVWLDAQANLRHFDMLLESIQQRDVIVLPEMFTTGFAMNAAENALPETEVIDWLRHWSVRTDALIGGSVALNTPDGAVNRFLLVQPDGTILRYDKRHLFRMAGEHHHYLAGKERKVVEWRGWRILPQVCYDLRFPVWSRNQQDYDLALYVANWPAARAKHWQTLLAARAIENQAYVAGCNRVGDDDNGHHYQGNSVILDALGEIQAQAEPGQAAQLDAELSLETLQAYRERFPAFHDTDKFLLL,0,0,0
322,sp|G8QM64|MRPX_DECSP,MKKLAAVMLTSCLMVAVGASFADEMKKDDMKKDVMMKKDDMAKDEMKKDSMAKDGMKKDAMKKDAMMKKDGMTKDEMKK,0,0,0
323,sp|A1Z713|VPS13_DROME,MVFEAVVADVLNKVLGDYIENLDRNQLKIGIWGGDVVLQNLKIRENALDELDLPVQLIYGYLGKLVLKIPWKNLYSQPVIVNIEDLYVLVSPNNNVQYNAEKEAKYEMDLKKAALDALEAARKKELEMDQPKADAGFAEKLTAQIVNNLQVQITNVHLRYEDTTTTGSPFSFGISLHELELYTTDCDWEKCYMAQQASQVFKIANLSCLSAYLNCGGQLYANNKSDLSQQFKTNIACKETKPNYNYVLGPISCNAKLKLNMNPELDDPPFEKPKIDLTLEMEKLNVGLTNTQFDNLMKLGDAMNRQQLGIPYRKYRPYNIPYKGHARDWWHFAITSILEEEVRKPRESWTWGHIKTHRERCNTYAQKYKEQCLSKKPSAVLTETCRLLETELDVFNLLLIRQRVNIEIAKQREAVPEQKSGWFSGWGWGGGAKKDDQTTSQKLVEKFEAAMTSEEKEKMYRAIGYQENAKPTDLPESYEAIRMNFKLIALEVGLYKDERNSSAATKDFHELPSLVLLNFSMATALITQRPAAEAISIIAGMREIKVTGLTRNDYTPLLVESKITDEFNLLEVFFETNPLDKLCDQRVKVVARPLQITYDAPTILALINAFQTPGDVTLSKFEDAASTKISNFKERSATGMQYMIDKKAVLDVDILLMPNILVVPHKGVYDAGNVSLLVVSMGQVHLSSQPRRESNKLQHLFSAGEDKDEILKTVMENAYDRFTVAVDDVQMLVVRAGEPWQNALAEANSTEMHVLRPVSLKVTAALCVVDNDPRLPNIKVDIDLPAILVNVSEDRIFLAIKVATSIPLPEQKEPASRLTQTNSRSSMSISNFINKEVKKIGPSASGSSASKDPLLDEIIQYTSLDVNFSLGEINFVLFQSSRKCETSPDVSIEFLTPDGDVLPSQLTENIQEPIEELPPTPPQQILSIDIRRLEAHFVSKTYESVATVKLGDINLRQYDCQDSDMDVLDVIYTPKQENSSNYLFTVSCTIADKSSPEFSTKYNSTEQLVVANFEVLQIVLHQECLQRIMEVVNNFQRNLDLVLSSTRPRDRMGSIGGGDGIKRTLNVILEDTEEIMTTDQMKRRKKTRRTHVVETVKVRVIANLDQVGLVLTGRKRPIAEMNVKKFVSSLIIKSSYTEVNIGLKDIQVLDLNPYTIHKNILSIVGKDAFNCQIVIYNKEETQDYNSDDMKITVDIGCMKIIFLNWFVAGVMNFLNNFTAAQATISQAGAAAAESARQKAMDAYETATRMKLNIRIKAPIIIVPIGSQDRNALLLDLGLLELTNNTVEVAVAEEERLAVIDEIKLQICDVKISKIVLLDGNESTVDEVDAEVGFLSKFNMMNPMSCTLSITRNLSYTWYRDVPELNLSGRLKSIELTLFADDYALVMLVLNRNLNEGLEEFPPSEEAPQEAQVRPERRNSRAGRLSRTVQVSPIREKIHESIKFNFQFDGVVINLMEGEGAGLARFGIYFLSVKGTKLDNGTLSTSVVLCNIQMDDMRSNSKSQIRQYLSRKDWVQPKLDTDEIIDACYNERNFMVDVTAIIKEDDTFAEVRVRGFDLIVCIDFLLKLTTFLTLPPEENPRESVYIKPAPVSETARDTKHSIRSSAILAAQELVPVESSSHEVPNRKMNLILHIDEPDIILVENLEDLNTSCIIFNAQVHLNYRSINDKQIVNGQIDALKMYMCAFLPERREMTRHYILHPCVISLQGSTPEEEGMHISLKLSDIIINVSPATIELLNKAMLSVSSGTMTKCAIAEESRNYSNLWHQHHFHSRTYWFTKVEQGVDALEAEQRSVSTDNEKQKTEKCVIEIPSITLVIESGVGYYTKPLISLDTRITAVFNNWSRSLTAHGSLTLNMNYYNQALAEWEPIIELNEVIGRNGVREYTPWELKFEMGMEKVQSELEDDAEQQAMHMNIHSAETLEITLSKTCLGLLSELAEAFSQAIDQNGLTKPDIVAPYVLENDTGFDVNLNLRKGIFTLHEVHRGGTPVGANSTLLMVAQSEEVDPSVIKTCTISTGGRAYLQTKDLSTLSEEDSEDYTLYVTIGDINKEIALPVSKSDTRFFNLMRSTSHEPWGIISEVKQEYGTTKVNIHGVVSVHNHFTTGLNIYRRNPAPTAQCFEDIFVGRVRPGEVFHVPLHAIYAESKDLFFSMRGYRRSVQGISWASNPSDLNYSHQLHCDPTNTFEPLIMNARRSKSEVYFENTNKYTLLSAFYTIHLRPPLYLRNSLPINIQVSVAGCSVRKEDGLDAQSSQRFVDRGYRKEDFLDYGEKPVNSGDVLHLPTVRLASKGKESKSFLVVRLVQYLEKDWSCATEIWDYTDDVITWTFSSYDSEMKVDMDLYVKTENRHGSLMLTLFSPFWMINKTGMMLTYKSETTSVEVLYHPPEYSGPILFTFRDKLFFDKKKASIRIDNGQWSEKIPLDVAGSVGEVICFANNQKYPVGVHNHLTQNSLTKQITFIPFYIVCNKCHFDIELQEQSRPADPWLHLEPNEMEPLWPRNDTKNNLVVRVDGKITPAFDFTEVICTLLKLEDSKYGGINVDVQTTEGGVYITFTDYKPADAPGLLINHTGKQIVYHEKGTKNEHILNAKSTIMYAWDDPTGPKMLVFGTNKEETDLKRDGIGEVIMQDGGKVLWVSFLDGLQRVLLFTENESIANRTESTASLQSITQSIDLRIHGIGLSVINNETGLDILYLGVTSSGIIWESKKVTKNRFKELTINENALLEIEYQKYLVHKSVNDVQTYKLDNKFPIDFDLMILKKTVERNLRRSFYPAIWLSRKSSPFQSQLHVKINRIQVDNQFLDPIFPVVLAPIPPPKSVASTTSLKPFIECSMVQRIMPNSTVRQFKYARILIQEFLFKVDLNFLTAIAEMFAKEVSDEAAAKQFRQDVESIELPLSAFFEEHSLEEQKSFYDNLHLGPLKIHVSFSMAGSDTKALPGFLGSLVQGVGVTLTDVNDVVFRLAFFEREYQFFSQKQLINEITSHYTGQALKQLYVLVLGLDVLGNPYGLVVGLKKGVEDLFYEPFQGAIQGPGEFAEGLVLGVKSLFGHTVGGAAGAVSKITGAMGKGLAALTFDEDYQKKRRQGIQNKPKNFHEGLARSSKGLVMGFVDGVTGVVTKPVTGARDNGVEGFFKGLGKGAIGLVARPTAGVVDFASGSFEAVKRAADASEDVKRMRPPRFQHYDFVLRPYCLMEATGNKIMKETDKGKFATTDNFIHCEEIIQKSEYLVVTNYRVMYVQRNEMFGVWTSLWSYLWNEISSVAATARGVQFTVKTDGKKVLGLFSSKESPRKLVLVADERKRDALVDIIESQRSDPNPLRATIAYPAHN,0,0,0
324,sp|A0A0H3CC47|NRSF_CAUVN,MRTDDLIDALAADAGRGTEPAPPRRLALVAGLGGVAALLLVLGWLQARPDLGQAILGPMFWVKAIYTGLLGLAGYLAVERLSRPGGSGRRGWIIGAVVFGACAVAGIYQAITSPDVQAALKLLHGYSWRSCSPRILVLGLPMLALGLWALRGMAPTRPGLAGFAMGLFSGGVVATLYGLHCPEHTFTFLALWYSLGVLALGLIGGWAGRWLLRW,0,0,0
325,sp|C0HKH8|CIRA_CHACT,GIPCGESCVWIPCISAALGCSCKNKVCYRN,0,1,0
326,sp|C0HKG0|CYC9_CLITE,MAYVRLACLAVIFFFAASVMFTVEAGIPCGESCVFIPCLTTVVGCSCKNKVCYNNHVIAAEANSIDDHHLLCQSHDDCIKKGTGNFCAPFLDHACQYGWCFRAESEGYLLKDFLKMP,0,1,0
327,sp|A0A1B0GUV7|TEX48_HUMAN,MAAHQNLILKIFCLCCRDCQEPYAINDSKVPSQTQEHKPSTQNLLLQKDELDRQNPKRINAVSHLPSRTPLIQTKKSTSSSSSEFEDLNAYASQRNFYKRNLNRYCQEHWPFQPCLTGRP,0,0,0
328,sp|Q6FAK7|QUEH_ACIAD,MSKPRIKLKLPDNADKLLLHSCCAPCSGEVMETLLYSGIDYSIFFYNPNIHPVKEYLIRKEENIRFAEKHNIPFIDCDYDTDNWFERAKGMENEPEKGIRCTMCFDMRFERAALYAYENGFKVFSSSLGISRWKNMEQINDCGIRAASHYPDIHYWDYNWRKNGGATRMLEISKREEFYQQEYCGCVYSLRDTNRWRMSQGRDRIQLGVKFYSASDPD,0,0,0
329,sp|O22882|PCP15_ARATH,MDATKIKFDVILLSFLLIISGIPSNLGLSTSVRGTTRSEPEAFHGGKFPAMKMRKLMAPNMEVDYSSDYYDGGSSSSTTSPSPPVPDYDDIYRRQGDVPSPGIGH,0,0,0
330,sp|A0A1D8PNZ7|GDE1_CANAL,MKFGKTYVTHQIPEWSIYYMNYKQLKKIIKSIDSAANTNVDESKYPEVISDTLGSFFYDLDRDIEKVDSFYNTKFKEYNRRLNKIFQVLGYQDGQITHNIESSEELDEIINILIELKSLFRNLKWFAELNHKGFIKILKKLDKKLTSILSQHSGVSVGGVSNHNQEAYMGSRINALPFANGTEASNCLDSIHHILSRIETRNDVVQETIPVENNETSISALIKNDDFEGLKKHITIKSSQKFLISTLNKAALANSTKCIDVIWNQLDMLYDDSDFNGRNFFHQHIISLGKAQFIREEQIVPGEVTNRLIGGDNGPDNSNKNDNPIGLLYILNKLKHKRLILAEDHYHRTPLHYASQYGLVEVTRYLVEFGVKWGLINTSISIDDVSIWGDQEGLTPLHLSIIGKHPKTTETLLGFNKAQTLTCPNLLLLAVRLNSPQILNSLIVEGNIDVNYTDIDHRNETALYIASKLNHPDLVEFLLESNANTEIGENVFGWTPIFIAASEGFMTIVKLLKEYGASYDIVDDSGWLPMEHACLRGHLDVTDLLLPKNEKLLLYDMYHPENNLPRIPSLAASPVLTGSDDGTVSTSSIDKLPEPQKNTVNQFYKQLKNNSSNNVSRSTSPKRNKRYKPVKSFGHRYLNEDESLILLTLGTTDLRDTNVPVELNKVSLAKSFATELDTALSLSITCRHKLTNNPVEPPVVVDLPLEDFHGSATDPISFKLSNDLTVNDVIITFDIIPTYQVNKKVIGRAIALLKDAYTKVGPNLRSLNNSIAIPIIESTNLDILGTIRFEYLQVLPFKHKAMSIARSDTYWKQLVSTRVIGHRGLGKNLSGKKSLQLGENTVESFIAAASLGASYVEFDVQLTKDHVPVVYHDFTVAESGVDIPMHLLTLEQFMGFNTPTEKPTHTVDDEVLTRGKQRAQSSYQLSNNHNDDIEKEFANQRDERMKFTKTWKNQGYKGNLRGSSVASNFVTLRELFRKLPNNVGFNIEVKYPMLDEAQLEDMGEIGVDLNFFVDTILKVIYDENTTGRDIVFSSFHPDICLLLSLKQPTMPVLFLTEAGTAPMYDIRASSLQNAVRFSKKWNLLGIVSNALALIKTPRLAQVVKSMGLVCVTYGTENNEPELAKIQMRAGVDAVIVDSVLAVREGLREHNETMNEFEDSPTE,0,0,0
331,sp|Q9U2X0|ANM1_CAEEL,MSTENGKSADAPVAAPAAKELTSKDYYFDSYAHFGIHEEMLKDEVRTTTYRNSIYHNSHLFKDKVVMDVGSGTGILSMFAAKAGAKKVFAMEFSNMALTSRKIIADNNLDHIVEVIQAKVEDVHELPGGIEKVDIIISEWMGYCLFYESMLNTVLVARDRWLAPNGMLFPDKARLYVCAIEDRQYKEDKIHWWDSVYGFNMSAIKNVAIKEPLVDIVDNAQVNTNNCLLKDVDLYTVKIEDLTFKSDFKLRCTRSDYIQAFVTFFTVEFSKCHKKTGFSTGPDVQYTHWKQTVFYLKDALTVKKGEEITGSFEMAPNKNNERDLDINISFDFKGEVCDLNEQNTYTMH,0,0,0
332,sp|F4JLS0|SPH1_ARATH,MNCIKQFLLAICFSLALTCQDHVLVGGTTTRDIIVPKISEWQVTVVNGLTTGETLFIHCKSKEDDLGEINLKFRNRFSWNFGENMLHSTFFWCYMNKDNGHMNVNVFWDDVILFHRCGWKNCIWTAKTDGLYLWNSASGEDVLSRKWEVGW,0,0,0
333,sp|F4I8F9|BH160_ARATH,MSSQPNHQTSISSLLHDRLHIPPAETIVEKESAEKDTCQSQRKRKEPVLHEVDGSSSGAAKKQDHNAKERLRRMRLHASYLTLGTLLPDHSSSSSKKKWSAPSIIDNVITYIPKLQNEVGELTLRKQKLVELERRGPSIRAISVLELGESGYEAVVQICLKKENEDEFSNLLHVMEVQGLSVLSASTSQVCREQRVVCYNFHVKMDEKPCEGDDYITVLKNNIISSLRDNTKCK,0,0,0
334,sp|F1PJP5|STT3A_CANLF,MTKLGFLRLSYEKQDTLLKLLILSMAAVLSFSTRLFAVLRFESVIHEFDPYFNYRTTRFLAEEGFYKFHNWFDDRAWYPLGRIIGGTIYPGLMITSAAIYHVLHFFHITIDIRNVCVFLAPLFSSFTTIVTYHLTKELKDAGAGLLAAAMIAVVPGYISRSVAGSYDNEGIAIFCMLLTYYMWIKAVKTGSIYWAAKCALAYFYMVSSWGGYVFLINLIPLHVLVLMLTGRFSHRIYVAYCTVYCLGTILSMQISFVGFQPVLSSEHMAAFGVFGLCQIHAFVDYLRSKLNPQQFEVLFRSVISLVGFVLLTVGALLMLTGKISPWTGRFYSLLDPSYAKNNIPIIASVSEHQPTTWSSYYFDLQLLVFMFPVGLYYCFSNLSDARIFIIMYGVTSMYFSAVMVRLMLVLAPVMCILSGIGVSQVLSTYMKNLDISRPDKKSKKQQDSTYPIKNEVASGMILVMAFFLITYTFHSTWVTSEAYSSPSIVLSARGGDGSRIIFDDFREAYYWLRHNTPEDAKVMSWWDYGYQITAMANRTILVDNNTWNNTHISRVGQAMASTEEKAYEIMRELDVSYVLVIFGGLTGYSSDDINKFLWMVRIGGSTDTGKHIKEHDYYTPTGEFRVDREGSPVLLNCLMYKMCYYRFGQVYTEAKRPPGFDRVRNAEIGNKDFELDVLEEAYTTEHWLVRIYKVKDLDNRGLSRT,0,0,0
335,sp|Q9SI72|PMEI9_ARATH,MELKNTIFLVILLSITILQSSSATPNRSESDQFIVSSCQTTQYPSLCVHTLSAYATKIRHNNDQDLAQTALIISLARAKSVTIFVAKLTKETPKFKRREYLAIKDCIEVLGNSVDRLAQSVKELARAGHAVASEDFMWKMSNVQTWVSAALTDETTCLDGFSERAMGGKVKRLIRYKVVHVAQVTSNALALVNQFAEKRSVKFP,0,0,0
336,sp|Q95Y36|CFA36_CAEEL,MLRRFSKKNKNPEGGSDDASRKQKKLLSKFLEFITSSIWSIPIASFIESQSVVFDRQQMETDVYIMIHKEYSQLIDTLIECFCEDVGTTPTELVAAIQLFNQKDVSQQYKVALEPLLAAQNFNVFVPMMMRKNIELQLQALQMIEFMCGLIPSVLQLEDGETLRNMKKLSPEETERYVLISVLRHSKDEYDSMQKGSEELEMMAQNSRIQREALEQEIRKEEILLQQALDEGARAQNQNQNQGTSSTQTDGVNAPLRSVAAMMAATFAIDTATSTDDVTYKFLDQSTGTMTSSTGVSVGTLTNTGVSSGTMTSGVDTGTDADGTVGRPKSAKRVGSAVGKRSVSKGTPSEDAKKSSGSSSPDEAEKSKRERPGTSVKKAIGIVAANSEMSSNGTQMDVPVDEEGTKKRPGTTSKKSIATVTASPEMSSKTTQMEPEQDGEGKKRPETSKGANERKYSNAGLEDIVGPKSSPHEEKKSSHPSSRKGSKATDENAPATRPPSRKAAGGSHEPRAKTPNQKNKDERPTTRRSSVDKNAPKRNDSVPRERKSSVSHDESKPPKPIGPLRGNKYDGDVVLGRAESPGIDHGPRRKNLNDVNSHLVDTNRLNSSDVRVRAQYLREQRDKLLQMKNAERIKQMTDIQQNASLERPKTAARAREILDKDKKEAVAIRKEISDKLKTQILTLHH,0,0,0
337,sp|Q8ITC9|PK1R_DROME,MSAGNMSHDLGPPRDPLAIVIPVTVVYSLIFITGVVGNISTCIVIKKNRSMHTATNYYLFSLAISDFLLLLSGVPQEVSYIWSKYPYVFGEYICIGRGLLAETSANATVLTITAFTVERYIAICHPFLGQAMSKLSRAIRIIVLVWIMAIVTAIPQAAQFGIEHYSGVEQCGIVRVIVKHSFQLSTFIFFLAPMSIILVLYLLIGVHLYRSTLVEGPASVARRQQLKSVPSDTILYRYGGSGTAMSFNGGGSGAGTAGLMGGSGAQLSSVRGRLNHYGTRRVLRMLVAVVVCFFLCWAPFHAQRLIAIYAPARGAKLRDQHEFVYTVMTYVSGVLYYLSTCINPLLYNIMSHKFREAFKAVLFGKKVSKGSLNSRNNIESRRLRRALTNSSQTQRFSIESAEQPKPSIMQNPTNKPPVAAQYAMIGVQVN,0,0,0
338,sp|Q84WE4|PMEI3_ARATH,MAPTQNLFLVAIAFAVIFTASTVHGRHNGAEDIVHSSCEHASYPSLCVRTLSSYSGPTITNRRDLAQAAIKISLSHAQSAAKKLAVVRDSVGKKKQEKAALVDCVEMIGDSVDELSRTLGVLKHLRVSGGSAKEFRWQMSNAQTWASAALTDDDTCLDGFQGMDDGEIKTEVKQWMTKVARVTSNALYMVNQLDETRGKPHDVHL,0,0,0
339,sp|D3RPB9|RHODA_ALLVD,MVNEIDSESLSQRLADTEDVLLVDIRTPAEIAQGMIPDALQLPMHLIPIRMSEIPKDRDVVIYCRSGARSYQACAYLMQQGYGRVLNLRGGIIAWARHGLPIVAPEG,0,0,0
340,sp|Q0D154|AT330_ASPTN,MTQRLLRLSLAHYRKDSCTEESCHYFGTALHAKQAATLHAKHGTLQYYQVYSTQAARDALDAFRRSLGADWTIDQHDLTVELYIRDLQTLRNIAADPEFASFYHLEEPYLSRRHVVASLGWVEAYVEEGKVVNVTDEGSEYRPGFGEFVGSGGELEKALA,0,0,0
341,sp|B7YZV4|PDE1_DROME,MQPSSPNATNYLADNIQISSANLSQTEMVVGRDSADYTAMHSINVGVGNSFLRGDTDIPQESGHSFETPSNMSFTAGQWDTESLPPVDTPDALNKAAGRIRSLLRRMDHETVAYEDMQRNLHYAARVLEAVFIDESREGCNGNCKNLNCSRHSHGRDDQQQDNNNSNRSCSLQEASPGGAGAGVTPGADNQDSIESRTKGVSQAPQTHSGPTGPPSNTSSETIAQPAPKLQPALETVRESVMEESPSKDPGDKGPPPPASTSTLTSQTTTSSSATAEPSAKAAESQAGSAGSSGSCSNPAAVHRQRRLRTPTWARSMSTNKTRLADEDDELSEVQPDAVPPEVREWLASTFTRQMATSRRKSDEKPKFRSVAHAIRAGIFVDRMYRRVSSSALTAFPPDVVRLLKNLDDWTFDVFALTEAASGQVVKYVAYELFNRYGSIHKFKIAPGILEAFLHRVEEGYCRYRNPYHNNLHAVDVMQTIHYCLCNTGLMNWLTDLEIFASLLAALLHDYEHTGTTNNFHVMSGSETALLYNDRAVLENHHASASFRLLREDEYNILSHLSREEFRELRGLVIEMVLGTDMTNHFQQMKAMRQLLTLQEATIDKQKVLSLVLHCCDISHPAKQWGVHHRWTMLLLEEFFRQGDLEKELGLPFSPLCDRNNTLVAESQICFIDFIVEPSMGVMSDMLELILAPIAPMNKSKPATLVEHETTANSTTNSAIVIPNSGITPSMDKPRDHRTEAKTTAAECLARKSVTGTTASKFNIPKPWLTCLVENKRIWKEQAVKDAEARALATAAEEAAAAAAAEAEESKPETETADGEQSEPAAEPADGAAA,0,0,0
342,sp|A0A0U1LQE6|CCTN_TALIS,MYTDKFRFKTGVSSFQILLAWTVLLKDYIGSSGVSFSFSDSTQCHKGTGKIDLELDEHDTIGLLSRRIKEQLLVKSDSNEYLSFKTHLDISSGEPENLNGHLIGSTNGHKKQWENDSADDKRGQHPREIVDWTIKCVLSEDGRGMKTTAIPKLSTASSRQGLRLMYQLEHVLRHIHLSTEGTLVYKIDTATKSDLNDIWKWNFNNPPLSERTVLEIFTENVQRYPTATAVNAWDGDLSYQELDRLSTEFSFHLAYAGVKRGNIVPLFFEKSMWTPVAIWAVIKTGAAFVLLDEVLPESRLQQLGQVIRQEIIVALASSSQESRAKLLGTQVIIIDSYYLETAASVPSEFKTQPQIQPSDLIYIVFTSGTTGVPKAVMIQHSNVSAFARSLRTISDVGPNSRIVALSSYAFDVSLGNLFLSLLSGCCLCIPSSWECRNTVPRVLQDYQITHAQMTPSISKMLRPCQLSTLEVLELSGEQCTEDVLARWQETPIRVMNTYSPAECTITTVGNGNVLTSSKSSIIGKGLGNCCWVLDPIDHDRLSPVGGIGELVLEGPSVGMGYLHDPRATALKFFEDPEWLLKGLPGVSPGRKGRLYRTGDLVRYTEDGSIDFVGRRDTQVKIRGQRVELGEISAHLQQLVHPSIWCSPEVVKVSSGTELLVVFLVVTEDEVGNGTASILRSTLRVTVDLVDSELRSRLPPAMVPGAYACIKDIPLTLTGKTDHRKLREIGLSLAADMLIFPSNKQESYATNGDRQNRGLHTTLNGNGYQEQNGHAHTHAHTNGDTNGHTNGYVNGSHSHTNSRNKTQKYGHVTYDGTEEEYKIQTLKEIWSDEFHVDIESITLSDSFFAHGGESLTAIKMVGVAFEKGIQLDVPTIFRHPQLSDLVSNCKMSATASPDHPKPFSLLEGEIIPVEAVEACGTCLDNIEDVYPCTPLQEGLITASISKSTAYVGQKAFLLPDGINFERLALAWQRVVQTHQILRTRIFDTESHGLLQAVLTDGKVFLGIQKRDLKSYLEDDNDRKMGLGTELCRCAIVRESGCSYFVLTMHHAIYDGWTLPRIGSEVFKAYQGVRVEPNMGFNAFIKHIKSLPSQTANKFWAHQLANPGESAVFPIVPLYIQEPKSDSTVSKRFPVPQNANSGVSMPSLLRSAWALLVSKLSDSNDVTFGATVSGRNVPIYGIKDLLSPTISTVPVRVKIDKDSNIETFIATVQDDSLSAIPFENFGLQNIRKINTDTREGSKFQTLFVVHPPNSTTPDQTLNLSLADHELKDILENLDISSVLSNFNEYGLMVIVTQEQDSLIVQASYDSRVLETDQVILLLDQFAHVAEQIGQPANLACKVQELQFASGKDVETIWTWNSTRVPGLKECIHDVICRTIAVQPHGQAISAWDGNLTFEELNVLSLRLAHILRSKGVGRGSLVPICMEKSKWATIAMLGILRIGAGFIAMDVRHQPRQRLQTIADAVNSKWIVTAGPATELVPDVSEGVIVCDQDLQIETSDFPVPLEPVCSASSDTAFVVFTSGTTGVPKGIVITHENFCSTIQHHAHQLKISKESRIYDYASYSFDIAVHNSLMAMCLGACLCIPSEDERENDIEGSFERLQANWTDITPSVARLVDPTGVPGLKTLVLSGEAVRKDLVERWATKVNLINAYGPAECQICTIQENIIDPQQAAHIGRAVGCTAWIIDPENDSLCPIGAVGELVIEGPIVSPGYLNATRDAFIQDPKWLIEGSASIPGRRGSVYRTGDLCRFRPDGTIIYISRATTQIKINGQRIELEDVEFYVQQAMATPGQVIASVVNFDGVNHLTAFLAPVPTLKTNDKFHGLGKDVEPTVELIPPPIGLQNKLKDALPAYMIPTVFLKISHIPLTTTRKIDRRQLNDCASRISRDDLIALDQEGTGPVKIELSEKQENMARLWAQVLKLNSSKIGLHSDFFRLGGESISAMRLVKYARKEGLVLTVADIFRHSRFDQLVMIATELTSRENTAEYFNGKLQPFALVPMNHRDSLISTAAMACNLPSDDIIDIYACTPFQEGVFALTASNSSAYVQHTELRFSDELNLDQVLDAWVSVIAANPILRTRFIQSEDAKLMQVVVRPQKQAWKWYYSPQEYLSEAENIPFGLGDPLFCFGLVRHGSTSSPGHTLIWTLHHAVYDAWTMDLILRQVSSCYYGEKQAESGPDYSVFVDFLRHQESESANWWKSYLSGSSDASIFPKMPISAAESQIDNTIRKEFAMPNIVPPGYSPAVILRAAWAAAVARYTGDESVLFGETRLGRNVPVSGIDKLLGPTIASVPLLVHIDREQTIGSLLYAIREDGLQMQPFEHLGLQNISHISEDTKAACKFQTLLVFLENAEDVDSSSIFKIDETIDDIRNFNSYYLLVYFTLNQKGLVAQAVFKDSAISSGQVEFLLEQVQSIFSKLCESPLDTPLRSLDLASEQDLAKIWNWNATSAEAVDKFVHELIAEKARQHPNKLAVFAHDGQITYKELDDYSTNLASQLIGRGIGLGCFVPLCFEKSAMVPVCMLAVIKTGAAFYVMDVSYPEGRLKLITETLKASLMLASPSQQWLAKRLAGNILVVDSVCCTDNTYRSSHPVIEDPSRNTNRLMYVCFTSGSTGLPKGVMVTHKNISSAAVAQTQDLDFDPEDRVYDFSSHAFDANIWHFYLGFIVGACVCIPSQEDRIGNLAGSITFFQSTALFLTPSVARTLDPKELPTVKRLYLGGEAVTPLDVSKWVEHLDLWGAYGPTETTPLCIFTRLHSPEFASNIGKGVGVRSWICNPNNNEELMAIGAVGEMVNEGPLVTQGYYEQPEKTAKVFIENPEFLLRGYKEIPGRRGRLYRTGDLVRYAFDGSIEYLGRADTQVKLRGQRVEFGEIEYHLNNALPGTSSICEVIIHPSSRMPMLAAFCTLSSSMDTLNETGARAYLCKRVPPYMVPEFFFTIPEIPKNPSGKVDRLKLRSFGPQVLLERSTSHEEGSVTERVHGPLTEMETTLAELWATAVDHDVTWLGMESEFADVGGDSIAAMKLSNLARRHELSLTVKDIINSSNLAGMAIKIQPIHESFASPQPFSLLPPSRIDQTVARAAMTCGVSIDSITDIYPCTPLQVELFSLTMKQPQAYIKRSVFEVPTSVNFEKLIESWDSVFDINAILRTRFVEVDDLGLLQVVIKGHQRKKYGSLDSFIQACSQERLDFGSPLSHLAVVEDSVALKIAWTIHHALYDEWSTLIIEEQLRQAYRSRCIPRPPDYSEFVRYIRTNNHEEARGFWRNSLAGCISAKIYPELPVGNYQVRPRKAFKRSLQYSARPGVNIQATIHAAWALIVSRLSASDDVVFSTTLAGRNAPVAGIEQMVGPTITPVPIRVKLGNQKQSVQSMLDMIEKDIAKMAPYQHIGTKNIERINDDTRAACKFRTLIVVTPTSYSTTHELQDIKTETYGVNSEEGQAFHTIPLVLFFFPGESGLDLEIVFDPVILHEREIERLTGRLETVLSAFSTANSVSDIQCIGREDLEDVWKWNAILPSSSKKLLHEDILECVQRAPDKVAIEAWDCKITYSQLDQLSENHAVHLNNYNVRKGTVVPILSLKSGLVPVAALAVLRAGGTLLPLDITQPVQRLKMIIDQVKPNVVMAGLSSIGIASQLCENVIVIKSCVDITPCAHGDAVYFETPSPDDVACILFTSGSTGIPKGVKQTHRGLSSAIKHQARESGFNENTRAFEFASYGFDVSWNMIFKVLAVGGTLCVPEEEERQNDLARALNRTAATLTELTPSVARLINPQQLTSLTTLILSGESVDPREFAHWKPQNHHQLMPVGAIGEIIIEGPIVGSGYYNNENLTSASYVHDVPWLRNDHDGNDARTSRVFKSGDLARFDSKGNIHFIARKDLQVKLNGQRIELEEVQHHVRNLMHDFVGPVISCVLGDSKQRSDQKLATFLVNKHGNTQGTCLAVPEEKAVEQLETLDERLREMLPKYMVPSIYYFVTAVPRTNNGKIDMKRLVEVAAMARPDQIYRGRTDRQRVRRIPSTPTEMKMQQLWAAALEVPIAEIGADDTFFNLNGDSISAMKLVAGARSEGFDLRVSDVFETPRLSELATKIAPRITKKQLAVSTIRPFELLGESANIVAIRSEVAAKCGMQDPGAVKDVYPCTPLQESMLAATIRDPRAFISMRVYRIRQGVDLVRLENAWATVVAQHPILRTRLVDLEHHGLTQAIFEESHIIWQTYVDMDSFLRHYEEQKMGPTTTLTRWALIDEADDWKLVWTIHHAIYDGWVLPIVEEEVRKTYFGSEQDKQYLDMKPLVKYILQEEKAKSIDFWARLLAGSEESIVYPPLPSHKYESSPATYLERTISADLSSSRGINLSALLYGSWSVLVSHMTGIPKVSFGAILTGRNAPVDGIDRMIGPAVTTVPILVDANPSFSVRKFMDRLQDMTVQRMPHEHLGVHAIRRINDACEAGCRFQTVLVIQPPGGNGHDTSNIQDSFLMEEVDETTIEGFPDQHSVLNQYGLMIEILPRGKEIKVRASFDSNLISTSQLSKTISRWERIINQISQTLSQGVHTTIQSLDSLSQQDIEEIWTWNKELPDVVDDRFVFEIIQEIAGRHPDALAIDAWDGQLTYRDLESLSTRVSELLVSFGVGPGSFVPLLFHKSMWTNVSMLGVLKVGAAFVPLDFSHPEGHLRAVMQPLNADIILCADNTRDRAARLSRRAIIVDERSLNADHGNNLATDIPNASVSHTGNAALHIDDLAYAVFTSGSTGAAKGVKVSHKNLVTAIHHHCKPERFQIGLNTRSLDSSSYSFDACIFNFFYTVTQGGCLCVPNDEALKGDIGAFMRQYKVNWAQLVPSVARTLNPKVLPDLKDLILTGEPLTRTDIETWCHNVRLFNVYGPTECTILCSISSPIKGSSHFGYIGRGQGANIWLTEIGNPDKLVPIGVPGEILIEGPIIGAGYLGPYQYPLVEDPPWLLAGTGHISGRQGKLFRTGDQALYTDDGTLVFIGRIGTDIKLRGQRVDIVAVEDIIRRHVPSGLEIAVGIARITVGGKVLAREMLLCFASQNQTFRDNGASPQNKLNDILRALVADIIPELDAAMPKYLHPEAFVALSSMPKTSSGKTDRRCLKEAEKQLRLHDLIWISTEMAESTNTPPSTQEEKVIAALWAEVIGIEHESISREDDFFKLGGDSLGVMRLTTKAHRLGLVLKSNDVFRNSKLASLAEKISWESIGPSEIAPYKPYSLVPEISDIDAFTANHIVPSLNIEANQVEDILPANGFQVDYIHNKEEPLGLRYAYLDIGPDVQWQRLIQACRTMLQGYECFRARFILYKGRYYQIILRDAPFIIEEISATQQIAIFSQQLCRADLHAASLSDVFSKMTLVNVGINRRRVILRLSHMQHDGWCTTQLLNAVAAAFNSLEIEKTPKWTSVLHYRHLMVEESCRYWRTKLQGATQITPSLVYKPGGSKVRTLRSYALSNFHASDDNRRTRPTVVVNVAWALILEQLAGHQDVVFGNVTTGRNGNMPGLDSVVGPCVNMLPMRLQLQSHSTTNREHKLRDLVEASAQQVDDGAFHNGLDWDELIDKCTTCVSGSRYKSAVHFRNMEFEPELSLGGDRVVVQWYELVETPRWTTVLVYPEENVLRLWLLADPAQIGDDGADEILHMLAGYCEEIVQSLQT,0,0,0
343,sp|Q88D09|MCPQ_PSEPK,MYQWLAQSLGNVSVNRKLGLGFGLVLLLTLAITLTGWHGMDSIIDRGDKLGNISVIQQYTQELRIARQQYDRRRDDASLAELEKALSNLDRQVQLMLGQIEQPADHQRLEQQREAVRIYQQAFNELKQADQRREASRDVLGSSADKAVDLIGRVQRSLLQGANINQYQHAVDVSALLQQARFQVRGYTYSGNADYQQTALKAIDQALAELRALPAKVPAEHAASLDDAATAMGGYRDAVTQFGNAQLASEQALQRMVEQGTVLLQASQMMTASQTEVRDAAAAQAKTLLTVATVLALALGLLAAWAITRQIIIPLRQTLRAAERVASGDLTQSLQVQRRDELGQLQASMHRMTQGLRELIGGIGDGVTQIASAAEELSAVTEQTSAGVNNQKVETDQVATAMNQMTATVHEVARNAEQASEAALMADQQAREGDRVVGEAVAQIERLASEVVNSSEAMNLLKTESDKIGSVLDVIKSVAQQTNLLALNAAIEAARAGEAGRGFAVVADEVRSLAQRTQQSTEEIEELIAGLQSGTQRVASVMDNSRQLTDSSVELTRRAGSSLETITRTVSSIQAMNQQIATAAEEQTAVAEEINRSVMNVRDISDQTSAASEETASSSVELARLGTHLQGLVGRFRL,0,0,0
344,sp|D7UQ42|SOL3_ALTSO,MGGMLGFFVRQLTFMPKPLPQNVRLDGKTAIVTGANVGLGLEASKEMASHGLARVILGVRTVSKGEAAKQEILKQSPNCDVQVWPVDHESFESMVAFGERAQSLDRLDIVILCAGVKNLVFSLSKTGHEQNVQVNHLGTSLLSLLLLKPLKDTAAKTGSPSRLTIVASEVHFWTPFDERKAPSILARLDEKDSFRGMERYNTSKLLNILWMRELSSRVTGNVVINAVNPGLCASALHRTDPTPGLAYLNKIFAWTPAQGGHNLTYAATQHVDEPGAYLSEQHLEK,0,0,0
345,sp|C0HJT9|INS_SERQU,VAPPQHLCGSHLVDALYLVCGDRGFFYNPKGIVEQCCHKPCNIFDLQNYCN,0,1,0
346,sp|Q9W3E1|INT4_DROME,MALAIKKRVGTYVETVDGSPPVKKLRLQTLAADAKGGKSGKVGNVERKLTALNQLDAYVGNLPAGALVLPTGTPVASTGAPSTGVIGNPPAAATGAPPMTAANSRELLELLVKITDEISYEDVEMGELKEVASKIFQLYQLQERDSDTSIRVKLLELLSGLGCECATEQALTMIIDYFIFLLRKEVSQKVLAQGMMCLFRIGERRKHMLPISYKTQVAHLAKEQLRSGSAHTQKNAMLVIGRFATKMEGERHYVWKLAFYIDSQDSSVRAQALHALLTLGERGSQLPAVLYKRAVEAMKDDYECVRKEALQLVFMLGNRHPDYILPSDRQQEELRMIDAAFSKVCEALCDLSLQIRVLAAELLGGMTAVSREFLHQTLDKKLMSNLRRKRTAHERGARLVASGEWSSGKRWADDAPQEHLDAQSISIIASGACGALIHGLEDEFLEVRTAAVASMCKLALSRPDFAVTSLDFLVDMFNDEIEDVRLKAIYSLTAIAKHIVLREDQLEIMLGSLEDYSVDVREGLHLMLGACRVSTQTCLLMVVQKLLDVLAKYPQDRNSTYACMRKIGQKHPHLVMAVAVHLLYVHPFFETPERDVEDPAYLCVLILVFNAAEHLVPIISLLPTATHRHYAYLRDSMPNLVPQLPIEGASSASATHRIDSAMHQAGSSAEYLQMILSHIEEIFTMTDERLELLQTAQSNLQRLGSIDAGMYGTSNFLETFLAAQIQIEQMQRCASTQRSRVPLKESLAALIRNCLKLQHTFSGLNYGDILQVKQLRLRACALHLVLVVRDRSQSALGPCQMLLQTAGDISEFIKANTKDEEEKPPVVETDMPMKESVSRDAQPDSFTRQLLIKLDGISDPKPGRVFREILPLVQQAPPLALPPANDKIRRCVANILEPCPLQSQDNVIKVTAGLIAAVPFVAEIDNLLESQKADMRIKIKYPDQHMHTVVPKQSDFKPIMTEQGEHKTNVRLRTTILLSHSVWTESSLVEIQLCLAVRPGSELELCKPAKVLFAPKPVRRGI,0,0,0
347,sp|Q9LTE2|HIP13_ARATH,MPPMKAVLQLSIHEERIRKKAFVTVSRCPGVTSITMDDKTGKMTVVGEVDVPVIVMKLRKLCNTELVSVEVVKPPEKKPEPEKPAPPKPAPAPAKPAEIVAWPVQMNNPYQYNPAYANSYYQPYGNSRFVTDESNCVIM,0,0,0
348,sp|Q494Q2|HPAT2_ARATH,MGFRGKYFFPILMTLSLFLIIRYNYIVSDDPPLRQELPGRRSASSGDDITYTVKTPSKKTKRLFHTAVTATDSVYSTWQCRVMYYWYNRFRDEPGSDMGGYTRILHSGRPDGLMDEIPTFVADPLPSGVDKGYVVLNRPWAFVQWLQQAHIEEDYILMAEPDHIIVKPIPNLARGNLAAAFPFFYIEPKKYESVLRKFFPKENGPISRIDPIGNSPVIVTKNALMKIAPTWMNVSLAMKNDPQTDKAFGWVLEMYAYAVSSALHGVSNILHKDFMIQPPWDTETKKTFIIHYTYGCDFDMKGKMMVGKIGEWRFDKRSYGDKPPPRNLTLPPRGVPESVVTLVTMINEATANIPNWES,0,0,0
349,sp|Q0WN69|KN14P_ARATH,MNPMRDQPGSPYGDSTPRSPFSPFSPLSVDDRHRNHADTKTPRSPFSPFSPLSGDERHKSLAESKFQQALASSGQLDPLSPGSMHHGGHKFHEVFQMKQGRYDLQASKISEMMKSSSLDNAPTQSLLSVLNGILDESIERKNGEIPQRVACLLRKVVQEIERRISTQAEHLRTQNNIFKTREEKYQSRINVLEALASGTGVEHEIATQQLRQIETEKSMWEEKKKHEEEDMVKLMKQNDQHNLEISALKQELETTKRKYEQQYSQIESQTKTEKSKWEEQKKNEEEDMDKLLKENDQFNLQISALRQELETTRKAYEQQCSQMESQTMVATTGLESRLKELEQEGKVVNTAKNALEERVKELEQMGKEAHSAKNALEEKIKQLQQMEKETKTANTSLEGKIQELEQNLVMWKTKVREMEKKSESNHQRWSQKELSYKSFIDNQSQALLELRSYSRSIKQEILKVQENYTDQFSQLGKKLIELSNAAENYHAVLTENRKLFNELQELKGNIRVFCRVRPFLPAQGAANTVVEYVGEDGELVVTNPTRPGKDGLRQFKFNKVYSPTASQADVFSDIRPLVRSVLDGYNVCIFAYGQTGSGKTYTMTGPDGSSEEDWGVNYRALNDLFKISQSRKGNISYEVGVQMVEIYNEQVLDLLSDDNSQKKTLGILSTTQQNGLAVPDASMYPVTSTSDVITLMDIGLQNRAVGSTALNERSSRSHSIVTVHVRGKDLKTGSVLYGNLHLVDLAGSERVDRSEVTGDRLREAQHINKSLSSLGDVIFSLASKSSHVPYRNSKLTQLLQTSLGGRAKTLMFVQLNPDATSYSESMSTLKFAERVSGVELGAAKTSKEGKDVRDLMEQLASLKDTIARKDEEIERLQHQPQRLQKSMMRRKSIGHTDDINSDTGEYSSQSRYSVTDGESLASSAEAEYDERLSEITSDAASMGTQGSIDVTKRPPRISDRAKSVTAKSSTSVTRPLDKLRKVATRTTSTVAKVTGLTSSSKGLASSSIKKTGSTSSLAKSSKRWA,0,0,0
350,sp|Q0D1P8|TERI_ASPTN,MARFAVLQLLLPLAAGLTGASFPAQIPTILEEPDTPHYAVHHTVVSASSLSESLKFYVDGLGLDIIRNYNFQGDLTTLFGTNTSVLPGYFLGDTTSVYNGTDGVIYLVEFPDAKKIPTDESDPPNTGLFLTSFWMGDKLNATLDRLDRLGMGGKPHIATFSFGSEPLATYATVRDPDGARVLLVSRPYINSIGKQRP,0,0,0
351,sp|W7MT41|FUB12_GIBM7,MPLPSRASSTPKISKACVPCRTRKIKCNAAVVGLPCGSCVSRECPDECVLSARKRRTVKGRNAETPRSRKNIPDTNGSVLSPRQQQLPTNVSRQATDSSHSDPVEESIHASHTGSSLRNDTPHSRDRRPPGQTQADLLYLNILQDTVNDTSAAQTDASDHQSNDEPDDSFNSQIHHWNPPPQLDDVDNEYLAKKKVFELPPPRFMENIVKAYFDYVHPFAPILNRTDFIQSYRSGSCCLFLLHAVAAAASLYVTHDVLIGCGYQDRSTAQASFFSKAKLFHDFHCQGDPLSMLQGSMILGAIILDHPSDRDFQYWFHNSVRRASKMGVQNACLRDDGSQKLYRRIWWVLHNRDIFHFFINTQNMRLLANAPPIRPLTEADWETEDMEQWSGILSPISQAQKVSLIAQCELAQIFGNVMSVVTSSTPSAEEIHKRILPLDAWRTSLPERMQLMASFANGEKYHLEALTTSYRFECIMCRLLRRGRWQMSDGGLREWAQQRFRSAIFELDTIVKRVMINNTIQKLPTTFITTITALLALHIESALDAAESSLIRSMARISVQHTMLALDQIRDTPAIKRALPAFEIVLSKNKLYPMSTSDTEQISTIQTIPQDQTLSDGQILQPPPTDMTLPQDDQSFLYGDFIGFDFLDRWQMEQLDFTGIY,0,0,0
352,sp|W7MS09|FUB7_GIBM7,MAEQVFQNFETLQLHAGYTPDPHTRSTAVPIYATSSYTFNDSAHGARLFGLKELGNIYSRLMNPTVDVFEKRIAALEGGIAAAATSSGQAAQFLTIATLAKAGDNIVASSHLYGGTYNQLNVLFPRFGIKTKFVRSGKLEDYVAAIDDQTRAIYVESMSNPDYVVPDFEGIAKIAHEHGIPLVVDNTLGAGGYYIRPIEHGADIVVHSATKWIGGHGTTIGGVIVDSGRFNWNKHSDRFPEMVEPSPSYHGLKYWEAFGPATFITRIRVEMLRDIGACLSPFSAQQLLLGIETLGLRAERHAQNTEKLAKYFESSPNVSWVLWPGSESHPTYAQAKKYLTRGFGAMLSIGVKGDASAGSKVVDGLKLVSNLANVGDAKSLAIHPWSTTHEQLSEDERLASGVTEDMIRISVGIEHVDDIIADFEQSFQKAYGA,0,0,0
353,sp|Q851S7|PESC_ORYSJ,MPKHYRPAGKKKEGNAAKYITRTKAVKYLQISLATFRKLCILKGVFPRDPKKKVEGNHKTYYHMKDIAFLAHDPLIEKFREIKVHRKKVKKAFAKKNKDLADRLLNRPPTYKLDRLILERYPTFVDALRDLDDCLTMVHLFAALPAVEGERVQVQRIHNCRRLSHEWQAYISRTHSLRKTFISVKGIYYQAEVQGQKITWLTPHALQQVLTDDVDFNVMLTFLEFYETLLGFINFKLYHSINVNYPPVLDPRLEALASELYALCRYMSSGRVPGNSEPAGLIEDKEGEDNKESSKTDESELRLAQLQHQLPTNEPGALMHLVQESTAADADDADAKECRSLFKNLKFYLSREVPRESLLFIIPAFGGTVSWEGEGAPFDETDEDITHQIVDRPTQSHVFLSREYVQPQWIYDCVNARIILPTEGYIVGRVPPPHLSPFVDNDAEGYIPEYAETIKRLQAAAQSQVLPLPSLGDEDMENSLVEAIIDRSESNEIADKKRKLEMLEKQYHDELRMEYEGKTFSNRTADNQPDVVDKSDTKEADDHMEDSHKQAEKDAADISKTLMSRKQRGLLQAIEINQERKKDKVNLLKKRKKNADSSASAKGR,0,0,0
354,sp|D5A7J3|PIN5B_ORYSJ,MIGWGDVYKVVAAMAPLYFALGLGYGSVRWWRLFTADQCDAVNRLVACFAVPFFAFDFAARIDPFALSYRVLAADALSKLAVALALAACAAAASTRCCGSGGGKRGGGGGFSWCITGFSLATLNNTLVVGVPLLDAMYGKWARDLIVQISVVQTIVYFPLLLLAFEVRRATTAAAAPPPPPTGTDDDDVEDGAAAAATAAAARRSLWPLVRAVWLKVARNPNVYAGVLGVAWACVTNRWHVETPSIIEGSVLIMSKTGVGLSMFSMGLFMALQDKIIVCGAGLTVLGMALRFVAGPAATAVGAFALGLRGDLLRLAIIQAALPQSITTFVFAKEYGLHAEILSTAVIFGTLASLPVLIVYYIVLGFIR,0,0,0
355,sp|C0HK37|CYMC3_MELCT,GLPTCGETCTLGKCNTPKCTCNWPICYKN,0,1,1
356,sp|A0A0H3KDT7|ESSD_STAAE,MHDMTKDIEYLTADYDNEKSSIQSVIDAIEGQDFLDVDTTMDDAVSDVSSLDEDGAISLTSSVVGPQGSKLMGYYQNELYDYASQLDSKMKEIIDTPFIEDIDKAFKGITNVKLENILIKNGGGHGRDTYGASGKIAKGDAKKSDSDVYSIDEILKSDQEFVKVIDQHYKEMKKEDKKLSKSDFEKMMTQGASCDYMTVAEAEELEEQKKKEEAIEIAALAGMVVLSCINPVAGAVAIGAYSAYSAANAATGKNIVTGRKLSKEERIMEGLSLIPLPGMGFLKGAGKSLMKLGFKGGEKFAVKTGLQKTMQQAVSRISPKMGMMKNSVLNQSRNFAQNTHVGQMLSNMRGQATHTVQQSRNWIGQQAQNVKRIVNNGLDKEIAHPFKQQLAPAGMGGIKFAETTTLRNMGQNIKRAVTPQNHVTHGPKDSMVRSEGKHSISSHEMNSSKYVESPNYTKVEFGEHYARLRPKKLKANIEYTTPTGHIYRTDHKGRIKEVYVDNLSLKDGDRNSHAQRTVGGEDRLPDDDGGHLIARMFGGSKDIDNLVAQSKFINRPFKEKGHWYNLEKEWQEFLNSGKEVKNIKMEVKYSGNSQRPTIFKVEYEINGERNIRRILNK,0,0,0
357,sp|S0DLP1|APF6_GIBF5,MASPSTDRLHLIEYLQDPGNPDGESRERLIEACQDVIASLERPIETARKQAFLTLDHAVIRSAIKLNLFKALDKEDRPYSTQELALATTPQCNHVLLSRLLRYLATRPLRLVIETSAGFWQRTARGSVFAQDSFKSGCSMYFDACGPAFQALPTWICTPDHERLHSPFQVAYPGQGSFFKRLQEDDSMLQTFQCWMETVSRHQFCAQETIDFNEWIPDGTSDSDVVFVDVGGGTGDQAIALGYKRIGLPGRIINQDLLPISQEAEEMLRSHNIERITYNFFDEQPLKGACVYHYRQIFHDWPDADCERILRRAKDSMTASSTLLIDEVVLPETGAHWMNDHKYNGVACYST,0,0,0
358,sp|Q94CL7|PHR1_ARATH,MEARPVHRSGSRDLTRTSSIPSTQKPSPVEDSFMRSDNNSQLMSRPLGQTYHLLSSSNGGAVGHICSSSSSGFATNLHYSTMVSHEKQQHYTGSSSNNAVQTPSNNDSAWCHDSLPGGFLDFHETNPAIQNNCQIEDGGIAAAFDDIQKRSDWHEWADHLITDDDPLMSTNWNDLLLETNSNSDSKDQKTLQIPQPQIVQQQPSPSVELRPVSTTSSNSNNGTGKARMRWTPELHEAFVEAVNSLGGSERATPKGVLKIMKVEGLTIYHVKSHLQKYRTARYRPEPSETGSPERKLTPLEHITSLDLKGGIGITEALRLQMEVQKQLHEQLEIQRNLQLRIEEQGKYLQMMFEKQNSGLTKGTASTSDSAAKSEQEDKKTADSKEVPEEETRKCEELESPQPKRPKIDN,0,0,0
359,sp|Q91WU0|CES1F_MOUSE,MFLSTLFLVSLATCVICGNPSSPPVVDTAHGKVLGKHVNVEGFSQPVAVFLGIPFAKPPLGSLRFAPPQPAEPWSSVKNATTYPPMCSQDAARGQAVNDLITNRKEKIHLEFSEDCLYLNIYTPADFSKNSRLPVMVWIHGGGLKLGGASSFDGRALSAYENVVVVAIQYRLSIWGFFSTGDEHSRGNWGHLDQVAALHWVQDNIANFGGDPGSVTIFGESAGGYSVSILILSPLSKNLFHRAISESGVAFIPGMFTKDVRPITEQIAVTAGCKTTTSAVIVHCMRQKTEEELLEIMHKLNLYKLSLQGDTKNSDQFVTSVLDGVVLPKDPKEILAEKNFNTVPYIVGINKQECGWLLPTMTGFLPADVKLDKKKAIALLEQFASMTGIPEDIIPVAVEKYTKGSDDPDQIREGVLDAMGDVAFGVPSVIVSRGHRDTGAPTYMYEYQYYPSFSSPQRPKNVVGDHADDVYSVFGAPILREGASEEEINLSKMVMKFWANFARNGNPNGKGLPHWPKYDQKEGYLHIGGTTQQAQRLKEEEVTFWTQSLAKKQPQPYHNEL,0,0,0
360,sp|Q7XA66|ZOP1_ARATH,MTEYWVSQGNKWCEFCKIWIQNNPTSIRNHDLGKRHRECVDKKLTDMRERSAAKDKELKKNEKLLQQIEAKATRSYQKDIATAQQVAKANGAPEDGTSDWMLDSASGYYYNQTNGLHYDSQSGFYYSDSIGHWVTQDEAYAAVKTSSGTKVPLVKKPVSSSGAGPSVGKPPGRLVTASLNPKRAVKGAASSVDLGNNKRKRQDEKPKKVSAEEKAALKAREAARKRVEDREKPLLGLYNRPF,0,0,0
361,sp|Q6H647|KN7B_ORYSJ,MRAIQKKSLCHTSIISCWRRREYSIPPQANFGETFLNEKSSRSHQILRLTVESSAREFLGKDKSTTLVASANFVDLAGSERASQALSAGTRLKEGCHINRSLLALGTVIRKLSMGSNAHIPYRDSKLTRILQPSLGGNARTAIICTLSPATSHIEQSRNTLLFGSCAKEVVTNAQVNVVMSDKALVKHLQKELARLESELRHPVQSSSLETLLKEKDNQIRKMEKEIKELKSQRDLAQSRLQDLLQSVGDHDLNRQVQGKHSVRSPPSVGMPPSVSRDDSSQVSHDDSDLYKEVRCIESNRTGGNDQLDLSAGESSSPQDSNMNSGLHGNDSNASVNSRHSRPSGEAPITLEEHLENIRRPFVSLAKDLGSSTRNSSNLRVIGRSRSCRSLTGSTMFDDMEMDDCTPLNRSLVEFPGRPVESHRRGSALHYDAETDTLSRAGSMSSEISTFKDAKTNGSVACDTEFTGIGEFVAELKEMAQVHYQKQLGDQNANGKSIGLDPIEGVSQSPSRWPLEFEKKQQEIIELWQACSISLVHRTYFFLLFKGEAADSIYMEVELRRLSFLRDTYSRGSTPSNAIVGSLSTSPVASAKKLQREREMLARQMQKRLSTEEREHTYTKWGVSLDSKRRKLQVARRLWTETKDLEHVRESASLVAKLIGLQEPGQVLKEMFGLSFAPQQQPTRRRSSNGWRYGIPSFA,0,0,0
362,sp|Q1MJ96|RGTA_RHIL3,MLERATRTIKTAGLLLAAYFVLNIVLRIVLPHSLELDEAEQSFFSQYLLAGYGPQPPFYNWMQYAVVSVTGISIGALIVPKNILLFLSYLFYGLAGRRVLKDEALAAVGMLALITLPQVSYMAQQDLTHTTALLFASSLFLYGFFRTLDRPDMASYLLLGLATGIGLISKYNFALMPVVALIAILPDAEWRRRALDWRMLAAITVALVIVLPHAVWLQGNLAFASSDTLVKMAAGSEPAGAVRIGKGLLAFLVAIIAFAALPVVIFAATFRRDFVRALSAGNRWTGMMERMMLASLAGIALIVLFTGSTTVRERWLDPFLLVLPIYFLAKMQAAGLDLSAGLRRFRPVLPVLMACVLIALGFRVVGAGLIGTYSRPNVPMAGFAREMTRQAEPALVIASDTYIGGNMRLQFPDVPVVIPDFPAPGIPAYAEAKGPVLIVWRGKKTATAADAVMPERFSSALTAAGIALQEIGSLSLPYYFGRQGDNFALGYAWVRPETR,0,0,0
363,sp|Q1MJ95|RGTE_RHIL3,MQTTVEPIRGTNDPVQSLELSLVVPIFNEEQSVGPLVERVAAAMVSYPHRWELILVDDGSTDATLVNARKYVGREGLALRIVELQRNFGQTAAMQAGIDTARGRLIATMDGDLQNDPKDIPSMVSELERRELDLLVGWRKNRKDGLFLRKIPSWCANYLIGRITGVKLHDYGCSLKIYRASIIKQVKLMGEMHRFIPAWVAGVVPSSRIGEMAVTHHAREHGVSKYGISRTFRVILDLLSVMFFMRYKARPGHFFGSLGLGLGALAMLILLYLGFDKFILGNDIGTRPMLMVGVVLLLSSVQMITTGILAEMIARTYYRDDASPNYIVRQIFDDQSQA,0,0,0
364,sp|F4KEV7|FHIT_ARATH,MLNLQVTGKTILSSIRCQRKMSSTCSSYAFGPYKIDPREVFYATPLSYAMVNLRPLLPAHVLVCPRRLVPRFTDLTADETSDLWLTAQKVGSKLETFHNASSLTLAIQDGPQAGQTVPHVHIHILPRKGGDFEKNDEIYDALDEKEKELKQKLDLDKDRVDRSIQEMADEASQYRSLFDC,0,0,0
365,sp|A3DCG2|SIGI4_CLOTH,MLNVQLKIFCHAALIFLEVVYLFEPNLIYGVKKREKKSRSDSINHIIIKIKNGDIELKEKFIKKYKPYLLKIISSTLGRYVDPEVSEEYSVGLMAFNEAIDGFNPEINGNFTNYCNMVVNHRIIDYIRKNKKYSNVIPFSYFEERNDFEEKYLVSDSHYLYENIEVKEEILQFEQQLKQFGITLEDLVMNSPKHKDSRELCISIARILSENDKLFEKMIRKKCIPLSELMGLVNVHRKTVERNRKFIIAVSLILRSGLDEIKQFFRASEERREK,0,0,0
366,sp|A0A097ZPE4|ANDK_EMEVA,MMPTVTAVSAILPLAILFVFSRALWKLWYLSDIPGPFWCKLTNIPRLCWVRTGRAHDIHYELHKEYGKLVRIGPSMISISDPAALSTVYPTRMGVPKSDFYKTQRPYVPGTGALPVVFNTQNEELHKELRGPVSSLYAMSNVMKLEPLMDETLQVLFDQIDARFVSGTKAFDLSNWLQFFAFEVMGTISFSKKYGFLEAGRDFNGLLSGIWGFMKSAAPMGQMPWLDDVLYKNALAAKLRGTTGMPVLRIVNKYITERITGHAKASSDHADMLSQFLDIQASNEKVPTWAPKAWTFSNVIAGSDSSANSMTTVMYNLMTHPETMARLYQELSEAKQQAGNVTAHILPWTSIRDLPYLDACVMEAFRIHPAFCLHLERLVPETGMEICGKQIPPGAIVGMSPWVINRHKPTFGEDVHQWRPERWLGHSETRLQELKNTILTFGYGRRVCLGKNIAIMEIKKLISSLVLNYEWTVIDPSEYRVENKWFFKQSGFDVTVKHRSSVRHTPRATNMTKVPPTLAIPASSSTVEVRVINTRTIMRTDHSLLWKSPVEGFKGLDLPIYAFLISNGNRHIIFDLGLRQDYENLPPRIAGLLKNAPYIVTEANVSEILDSDDTGLDIKGRDIEAVIWSHHHYDHTGDPSTFPPSTKLVVGPGVLSLTGGGYPKNPNTTVLETDLSGRKIQEISFDAQADSSVKVGPFDGVDYFGDGSFYLLNAPGHSVGHMCGLARVTTAPDTFIFMAADGCHHPGAIRPSEYMALPRDIPKSLVRKLRTAEADSGGKAQDGDTKPLLPFLPALFPDYTQAMETVEKIKQLDACDNVFVILPHDGSLLGAIDFFPRPINDWKKKGLKESTRWKFCQEMEEALSG,0,0,0
